"AgentNo","x","y","Lat","Sharpness","Valence","No_of_Shares","Share","Group","memory x1","memory y1","memory x2","memory y2","memory x3","memory y3","memory x4","memory y4","memory x5","memory y5","memory x6","memory y6","memory x7","memory y7","memory x8","memory y8","memory x9","memory y9","memory x10","memory y10","memory x11","memory y11","memory x12","memory y12","memory x13","memory y13","memory x14","memory y14","memory x15","memory y15","memory x16","memory y16","memory x17","memory y17","memory x18","memory y18","memory x19","memory y19","memory x20","memory y20"
1,-0.801094375085086,-0.0246251923963428,0.3,5,1,1,1.88878396106884,"A",-0.801094375085086,-0.0246251923963428,0,0,0,0,0,0,0,0,0,0,0,0,0,0,0,0,0,0,0,0,0,0,0,0,0,0,0,0,0,0,0,0,0,0,0,0,0,0
2,0.866700350306928,-0.671212331857532,0.3,5,1,1,0.364925334230065,"B",0.866700350306928,-0.671212331857532,0,0,0,0,0,0,0,0,0,0,0,0,0,0,0,0,0,0,0,0,0,0,0,0,0,0,0,0,0,0,0,0,0,0,0,0,0,0
3,0.769168413709849,0.306172718759626,0.3,5,1,1,1.00142407556996,"B",0.769168413709849,0.306172718759626,0,0,0,0,0,0,0,0,0,0,0,0,0,0,0,0,0,0,0,0,0,0,0,0,0,0,0,0,0,0,0,0,0,0,0,0,0,0
4,0.557528859935701,-0.390325324609876,0.3,5,1,1,0.679679168853909,"B",0.557528859935701,-0.390325324609876,0,0,0,0,0,0,0,0,0,0,0,0,0,0,0,0,0,0,0,0,0,0,0,0,0,0,0,0,0,0,0,0,0,0,0,0,0,0
5,0.0366115137003362,-0.365597734693438,0.3,5,1,1,1.24965692684054,"H",0.0366115137003362,-0.365597734693438,0,0,0,0,0,0,0,0,0,0,0,0,0,0,0,0,0,0,0,0,0,0,0,0,0,0,0,0,0,0,0,0,0,0,0,0,0,0
6,-0.684658852405846,0.185944227967411,0.3,5,1,1,0.861555873416364,"A",-0.684658852405846,0.185944227967411,0,0,0,0,0,0,0,0,0,0,0,0,0,0,0,0,0,0,0,0,0,0,0,0,0,0,0,0,0,0,0,0,0,0,0,0,0,0
7,-0.0666768923401833,-0.447437839116901,0.3,5,1,1,0.609085489064455,"D",-0.0666768923401833,-0.447437839116901,0,0,0,0,0,0,0,0,0,0,0,0,0,0,0,0,0,0,0,0,0,0,0,0,0,0,0,0,0,0,0,0,0,0,0,0,0,0
8,0.765073566697538,-0.0696621318347752,0.3,5,1,1,0.0180478352122009,"D",0.765073566697538,-0.0696621318347752,0,0,0,0,0,0,0,0,0,0,0,0,0,0,0,0,0,0,0,0,0,0,0,0,0,0,0,0,0,0,0,0,0,0,0,0,0,0
9,-0.603996247984469,-0.67356889648363,0.3,5,1,1,0.409054602961987,"G",-0.603996247984469,-0.67356889648363,0,0,0,0,0,0,0,0,0,0,0,0,0,0,0,0,0,0,0,0,0,0,0,0,0,0,0,0,0,0,0,0,0,0,0,0,0,0
10,-0.479927599430084,-0.333708663471043,0.3,5,1,1,1.82783260149881,"F",-0.479927599430084,-0.333708663471043,0,0,0,0,0,0,0,0,0,0,0,0,0,0,0,0,0,0,0,0,0,0,0,0,0,0,0,0,0,0,0,0,0,0,0,0,0,0
11,0.574233501683921,0.744782538153231,0.3,5,1,1,0.52692404948175,"B",0.574233501683921,0.744782538153231,0,0,0,0,0,0,0,0,0,0,0,0,0,0,0,0,0,0,0,0,0,0,0,0,0,0,0,0,0,0,0,0,0,0,0,0,0,0
12,-0.625618003774434,-0.194655641447753,0.3,5,1,1,1.05107119772583,"J",-0.625618003774434,-0.194655641447753,0,0,0,0,0,0,0,0,0,0,0,0,0,0,0,0,0,0,0,0,0,0,0,0,0,0,0,0,0,0,0,0,0,0,0,0,0,0
13,0.624995328020304,0.283167745452374,0.3,5,1,1,1.60718891350552,"H",0.624995328020304,0.283167745452374,0,0,0,0,0,0,0,0,0,0,0,0,0,0,0,0,0,0,0,0,0,0,0,0,0,0,0,0,0,0,0,0,0,0,0,0,0,0
14,-0.0520099294371903,0.743335507344455,0.3,5,1,1,1.94637490948662,"A",-0.0520099294371903,0.743335507344455,0,0,0,0,0,0,0,0,0,0,0,0,0,0,0,0,0,0,0,0,0,0,0,0,0,0,0,0,0,0,0,0,0,0,0,0,0,0
15,-0.930453470442444,0.18559096660465,0.3,5,1,1,0.793907059822232,"C",-0.930453470442444,0.18559096660465,0,0,0,0,0,0,0,0,0,0,0,0,0,0,0,0,0,0,0,0,0,0,0,0,0,0,0,0,0,0,0,0,0,0,0,0,0,0
16,-0.201616134028882,0.0617610639892519,0.3,5,1,1,0.622042776551098,"C",-0.201616134028882,0.0617610639892519,0,0,0,0,0,0,0,0,0,0,0,0,0,0,0,0,0,0,0,0,0,0,0,0,0,0,0,0,0,0,0,0,0,0,0,0,0,0
17,0.00724244629964232,0.613649018574506,0.3,5,1,1,1.49193116929382,"I",0.00724244629964232,0.613649018574506,0,0,0,0,0,0,0,0,0,0,0,0,0,0,0,0,0,0,0,0,0,0,0,0,0,0,0,0,0,0,0,0,0,0,0,0,0,0
18,0.985602173954248,-0.196017368230969,0.3,5,1,1,1.22197444085032,"E",0.985602173954248,-0.196017368230969,0,0,0,0,0,0,0,0,0,0,0,0,0,0,0,0,0,0,0,0,0,0,0,0,0,0,0,0,0,0,0,0,0,0,0,0,0,0
19,-0.975837845355272,-0.547526539303362,0.3,5,1,1,0.958221175707877,"D",-0.975837845355272,-0.547526539303362,0,0,0,0,0,0,0,0,0,0,0,0,0,0,0,0,0,0,0,0,0,0,0,0,0,0,0,0,0,0,0,0,0,0,0,0,0,0
20,-0.167180306278169,-0.154010878875852,0.3,5,1,1,0.446545121725649,"F",-0.167180306278169,-0.154010878875852,0,0,0,0,0,0,0,0,0,0,0,0,0,0,0,0,0,0,0,0,0,0,0,0,0,0,0,0,0,0,0,0,0,0,0,0,0,0
21,0.75771202147007,0.12653603637591,0.3,5,1,1,0.634397561196238,"H",0.75771202147007,0.12653603637591,0,0,0,0,0,0,0,0,0,0,0,0,0,0,0,0,0,0,0,0,0,0,0,0,0,0,0,0,0,0,0,0,0,0,0,0,0,0
22,-0.517435322050005,-0.261931787710637,0.3,5,1,1,1.22741320356727,"J",-0.517435322050005,-0.261931787710637,0,0,0,0,0,0,0,0,0,0,0,0,0,0,0,0,0,0,0,0,0,0,0,0,0,0,0,0,0,0,0,0,0,0,0,0,0,0
23,0.282220842782408,-0.702342472970486,0.3,5,1,1,0.63337524374947,"C",0.282220842782408,-0.702342472970486,0,0,0,0,0,0,0,0,0,0,0,0,0,0,0,0,0,0,0,0,0,0,0,0,0,0,0,0,0,0,0,0,0,0,0,0,0,0
24,0.711706396192312,0.470639261417091,0.3,5,1,1,0.391808623913676,"J",0.711706396192312,0.470639261417091,0,0,0,0,0,0,0,0,0,0,0,0,0,0,0,0,0,0,0,0,0,0,0,0,0,0,0,0,0,0,0,0,0,0,0,0,0,0
25,-0.287751268129796,0.0738771734759212,0.3,5,1,1,0.865079803857952,"J",-0.287751268129796,0.0738771734759212,0,0,0,0,0,0,0,0,0,0,0,0,0,0,0,0,0,0,0,0,0,0,0,0,0,0,0,0,0,0,0,0,0,0,0,0,0,0
26,0.35592840006575,0.0911297933198512,0.3,5,1,1,1.14051853679121,"J",0.35592840006575,0.0911297933198512,0,0,0,0,0,0,0,0,0,0,0,0,0,0,0,0,0,0,0,0,0,0,0,0,0,0,0,0,0,0,0,0,0,0,0,0,0,0
27,0.658583347685635,0.712606915738434,0.3,5,1,1,0.823855666909367,"D",0.658583347685635,0.712606915738434,0,0,0,0,0,0,0,0,0,0,0,0,0,0,0,0,0,0,0,0,0,0,0,0,0,0,0,0,0,0,0,0,0,0,0,0,0,0
28,0.723633180372417,0.726595249027014,0.3,5,1,1,1.05596317211166,"C",0.723633180372417,0.726595249027014,0,0,0,0,0,0,0,0,0,0,0,0,0,0,0,0,0,0,0,0,0,0,0,0,0,0,0,0,0,0,0,0,0,0,0,0,0,0
29,0.171939846593887,-0.305231483187526,0.3,5,1,1,0.308070814236999,"H",0.171939846593887,-0.305231483187526,0,0,0,0,0,0,0,0,0,0,0,0,0,0,0,0,0,0,0,0,0,0,0,0,0,0,0,0,0,0,0,0,0,0,0,0,0,0
30,0.269783359020948,0.810533782467246,0.3,5,1,1,1.25867367209867,"C",0.269783359020948,0.810533782467246,0,0,0,0,0,0,0,0,0,0,0,0,0,0,0,0,0,0,0,0,0,0,0,0,0,0,0,0,0,0,0,0,0,0,0,0,0,0
31,-0.865345548838377,0.820681050885469,0.3,5,1,1,1.85388187738135,"C",-0.865345548838377,0.820681050885469,0,0,0,0,0,0,0,0,0,0,0,0,0,0,0,0,0,0,0,0,0,0,0,0,0,0,0,0,0,0,0,0,0,0,0,0,0,0
32,-0.138396510388702,0.373650451656431,0.3,5,1,1,0.0195481651462615,"G",-0.138396510388702,0.373650451656431,0,0,0,0,0,0,0,0,0,0,0,0,0,0,0,0,0,0,0,0,0,0,0,0,0,0,0,0,0,0,0,0,0,0,0,0,0,0
33,-0.191508207004517,0.658469125628471,0.3,5,1,1,0.769213864579797,"H",-0.191508207004517,0.658469125628471,0,0,0,0,0,0,0,0,0,0,0,0,0,0,0,0,0,0,0,0,0,0,0,0,0,0,0,0,0,0,0,0,0,0,0,0,0,0
34,-0.795330421533436,-0.231915385462344,0.3,5,1,1,1.12425691308454,"F",-0.795330421533436,-0.231915385462344,0,0,0,0,0,0,0,0,0,0,0,0,0,0,0,0,0,0,0,0,0,0,0,0,0,0,0,0,0,0,0,0,0,0,0,0,0,0
35,-0.77348402235657,-0.311797896865755,0.3,5,1,1,1.19450718304142,"G",-0.77348402235657,-0.311797896865755,0,0,0,0,0,0,0,0,0,0,0,0,0,0,0,0,0,0,0,0,0,0,0,0,0,0,0,0,0,0,0,0,0,0,0,0,0,0
36,0.774638614617288,-0.963316968176514,0.3,5,1,1,0.886753551196307,"G",0.774638614617288,-0.963316968176514,0,0,0,0,0,0,0,0,0,0,0,0,0,0,0,0,0,0,0,0,0,0,0,0,0,0,0,0,0,0,0,0,0,0,0,0,0,0
37,-0.859255429822952,-0.205144854262471,0.3,5,1,1,0.990686447825283,"H",-0.859255429822952,-0.205144854262471,0,0,0,0,0,0,0,0,0,0,0,0,0,0,0,0,0,0,0,0,0,0,0,0,0,0,0,0,0,0,0,0,0,0,0,0,0,0
38,0.27381675876677,0.528800905216485,0.3,5,1,1,0.0337873613461852,"J",0.27381675876677,0.528800905216485,0,0,0,0,0,0,0,0,0,0,0,0,0,0,0,0,0,0,0,0,0,0,0,0,0,0,0,0,0,0,0,0,0,0,0,0,0,0
39,0.220173368230462,0.737869733013213,0.3,5,1,1,0.861922208219767,"A",0.220173368230462,0.737869733013213,0,0,0,0,0,0,0,0,0,0,0,0,0,0,0,0,0,0,0,0,0,0,0,0,0,0,0,0,0,0,0,0,0,0,0,0,0,0
40,-0.784755917731673,0.993212841916829,0.3,5,1,1,1.35058365343139,"I",-0.784755917731673,0.993212841916829,0,0,0,0,0,0,0,0,0,0,0,0,0,0,0,0,0,0,0,0,0,0,0,0,0,0,0,0,0,0,0,0,0,0,0,0,0,0
41,0.780108509585261,0.316830993629992,0.3,5,1,1,1.89788811234757,"G",0.780108509585261,0.316830993629992,0,0,0,0,0,0,0,0,0,0,0,0,0,0,0,0,0,0,0,0,0,0,0,0,0,0,0,0,0,0,0,0,0,0,0,0,0,0
42,0.340445638634264,-0.952523280400783,0.3,5,1,1,0.658629413694143,"G",0.340445638634264,-0.952523280400783,0,0,0,0,0,0,0,0,0,0,0,0,0,0,0,0,0,0,0,0,0,0,0,0,0,0,0,0,0,0,0,0,0,0,0,0,0,0
43,-0.208220978267491,0.672501960303634,0.3,5,1,1,0.536082593724132,"A",-0.208220978267491,0.672501960303634,0,0,0,0,0,0,0,0,0,0,0,0,0,0,0,0,0,0,0,0,0,0,0,0,0,0,0,0,0,0,0,0,0,0,0,0,0,0
44,0.744998429436237,0.753042737953365,0.3,5,1,1,0.209765486419201,"F",0.744998429436237,0.753042737953365,0,0,0,0,0,0,0,0,0,0,0,0,0,0,0,0,0,0,0,0,0,0,0,0,0,0,0,0,0,0,0,0,0,0,0,0,0,0
45,-0.80395139567554,-0.0860122893936932,0.3,5,1,1,0.163735308218747,"J",-0.80395139567554,-0.0860122893936932,0,0,0,0,0,0,0,0,0,0,0,0,0,0,0,0,0,0,0,0,0,0,0,0,0,0,0,0,0,0,0,0,0,0,0,0,0,0
46,0.214925782755017,0.168181939981878,0.3,5,1,1,1.72476538829505,"J",0.214925782755017,0.168181939981878,0,0,0,0,0,0,0,0,0,0,0,0,0,0,0,0,0,0,0,0,0,0,0,0,0,0,0,0,0,0,0,0,0,0,0,0,0,0
47,-0.992625007871538,-0.332754866220057,0.3,5,1,1,0.85820159688592,"I",-0.992625007871538,-0.332754866220057,0,0,0,0,0,0,0,0,0,0,0,0,0,0,0,0,0,0,0,0,0,0,0,0,0,0,0,0,0,0,0,0,0,0,0,0,0,0
48,-0.978803763631731,0.941116992849857,0.3,5,1,1,0.448454329743981,"H",-0.978803763631731,0.941116992849857,0,0,0,0,0,0,0,0,0,0,0,0,0,0,0,0,0,0,0,0,0,0,0,0,0,0,0,0,0,0,0,0,0,0,0,0,0,0
49,-0.107213862240314,0.613433542661369,0.3,5,1,1,1.58859984669834,"I",-0.107213862240314,0.613433542661369,0,0,0,0,0,0,0,0,0,0,0,0,0,0,0,0,0,0,0,0,0,0,0,0,0,0,0,0,0,0,0,0,0,0,0,0,0,0
50,0.669872012455016,0.761300303973258,0.3,5,1,1,0.0494447965174913,"J",0.669872012455016,0.761300303973258,0,0,0,0,0,0,0,0,0,0,0,0,0,0,0,0,0,0,0,0,0,0,0,0,0,0,0,0,0,0,0,0,0,0,0,0,0,0
51,0.687018473632634,0.455963587854058,0.3,5,1,1,1.12497575161979,"A",0.687018473632634,0.455963587854058,0,0,0,0,0,0,0,0,0,0,0,0,0,0,0,0,0,0,0,0,0,0,0,0,0,0,0,0,0,0,0,0,0,0,0,0,0,0
52,0.245031945873052,0.300262941513211,0.3,5,1,1,0.914052690379322,"B",0.245031945873052,0.300262941513211,0,0,0,0,0,0,0,0,0,0,0,0,0,0,0,0,0,0,0,0,0,0,0,0,0,0,0,0,0,0,0,0,0,0,0,0,0,0
53,-0.103277491871268,-0.530214171856642,0.3,5,1,1,1.30638690013438,"B",-0.103277491871268,-0.530214171856642,0,0,0,0,0,0,0,0,0,0,0,0,0,0,0,0,0,0,0,0,0,0,0,0,0,0,0,0,0,0,0,0,0,0,0,0,0,0
54,-0.725365162361413,0.771055664401501,0.3,5,1,1,0.44435910647735,"E",-0.725365162361413,0.771055664401501,0,0,0,0,0,0,0,0,0,0,0,0,0,0,0,0,0,0,0,0,0,0,0,0,0,0,0,0,0,0,0,0,0,0,0,0,0,0
55,-0.221870352514088,-0.893788831774145,0.3,5,1,1,1.6043241485022,"G",-0.221870352514088,-0.893788831774145,0,0,0,0,0,0,0,0,0,0,0,0,0,0,0,0,0,0,0,0,0,0,0,0,0,0,0,0,0,0,0,0,0,0,0,0,0,0
56,0.806805692613125,-0.971217577811331,0.3,5,1,1,1.71760727884248,"G",0.806805692613125,-0.971217577811331,0,0,0,0,0,0,0,0,0,0,0,0,0,0,0,0,0,0,0,0,0,0,0,0,0,0,0,0,0,0,0,0,0,0,0,0,0,0
57,-0.426059747114778,0.304396369028836,0.3,5,1,1,0.603946703486145,"G",-0.426059747114778,0.304396369028836,0,0,0,0,0,0,0,0,0,0,0,0,0,0,0,0,0,0,0,0,0,0,0,0,0,0,0,0,0,0,0,0,0,0,0,0,0,0
58,0.358449160121381,-0.630448208656162,0.3,5,1,1,0.914236226119101,"I",0.358449160121381,-0.630448208656162,0,0,0,0,0,0,0,0,0,0,0,0,0,0,0,0,0,0,0,0,0,0,0,0,0,0,0,0,0,0,0,0,0,0,0,0,0,0
59,-0.131304138340056,0.837311326526105,0.3,5,1,1,1.08213891694322,"A",-0.131304138340056,0.837311326526105,0,0,0,0,0,0,0,0,0,0,0,0,0,0,0,0,0,0,0,0,0,0,0,0,0,0,0,0,0,0,0,0,0,0,0,0,0,0
60,-0.83870531944558,0.0495093916542828,0.3,5,1,1,0.805999259930104,"J",-0.83870531944558,0.0495093916542828,0,0,0,0,0,0,0,0,0,0,0,0,0,0,0,0,0,0,0,0,0,0,0,0,0,0,0,0,0,0,0,0,0,0,0,0,0,0
61,0.0983868022449315,0.628261759411544,0.3,5,1,1,1.93441776698455,"B",0.0983868022449315,0.628261759411544,0,0,0,0,0,0,0,0,0,0,0,0,0,0,0,0,0,0,0,0,0,0,0,0,0,0,0,0,0,0,0,0,0,0,0,0,0,0
62,-0.599949814844877,0.190105596091598,0.3,5,1,1,0.682918792124838,"E",-0.599949814844877,0.190105596091598,0,0,0,0,0,0,0,0,0,0,0,0,0,0,0,0,0,0,0,0,0,0,0,0,0,0,0,0,0,0,0,0,0,0,0,0,0,0
63,0.188298646360636,0.184864092152566,0.3,5,1,1,0.273401882033795,"H",0.188298646360636,0.184864092152566,0,0,0,0,0,0,0,0,0,0,0,0,0,0,0,0,0,0,0,0,0,0,0,0,0,0,0,0,0,0,0,0,0,0,0,0,0,0
64,-0.942931479774415,0.245087162125856,0.3,5,1,1,0.683634326327592,"D",-0.942931479774415,0.245087162125856,0,0,0,0,0,0,0,0,0,0,0,0,0,0,0,0,0,0,0,0,0,0,0,0,0,0,0,0,0,0,0,0,0,0,0,0,0,0
65,0.173509145155549,-0.432236582972109,0.3,5,1,1,0.42488753143698,"H",0.173509145155549,-0.432236582972109,0,0,0,0,0,0,0,0,0,0,0,0,0,0,0,0,0,0,0,0,0,0,0,0,0,0,0,0,0,0,0,0,0,0,0,0,0,0
66,0.0771304438821971,-0.988912237342447,0.3,5,1,1,0.870494554750621,"D",0.0771304438821971,-0.988912237342447,0,0,0,0,0,0,0,0,0,0,0,0,0,0,0,0,0,0,0,0,0,0,0,0,0,0,0,0,0,0,0,0,0,0,0,0,0,0
67,0.279280327726156,0.417219951283187,0.3,5,1,1,1.21577799366787,"B",0.279280327726156,0.417219951283187,0,0,0,0,0,0,0,0,0,0,0,0,0,0,0,0,0,0,0,0,0,0,0,0,0,0,0,0,0,0,0,0,0,0,0,0,0,0
68,-0.643213387113065,-0.44217892177403,0.3,5,1,1,0.326187783386558,"J",-0.643213387113065,-0.44217892177403,0,0,0,0,0,0,0,0,0,0,0,0,0,0,0,0,0,0,0,0,0,0,0,0,0,0,0,0,0,0,0,0,0,0,0,0,0,0
69,-0.1532595413737,0.462892716750503,0.3,5,1,1,1.60001354105771,"J",-0.1532595413737,0.462892716750503,0,0,0,0,0,0,0,0,0,0,0,0,0,0,0,0,0,0,0,0,0,0,0,0,0,0,0,0,0,0,0,0,0,0,0,0,0,0
70,0.0736984210088849,-0.147765128873289,0.3,5,1,1,0.273356824181974,"C",0.0736984210088849,-0.147765128873289,0,0,0,0,0,0,0,0,0,0,0,0,0,0,0,0,0,0,0,0,0,0,0,0,0,0,0,0,0,0,0,0,0,0,0,0,0,0
71,-0.617544185370207,-0.865549321752042,0.3,5,1,1,0.0284023769199848,"A",-0.617544185370207,-0.865549321752042,0,0,0,0,0,0,0,0,0,0,0,0,0,0,0,0,0,0,0,0,0,0,0,0,0,0,0,0,0,0,0,0,0,0,0,0,0,0
72,-0.979817816987634,-0.252144133206457,0.3,5,1,1,1.22156169451773,"A",-0.979817816987634,-0.252144133206457,0,0,0,0,0,0,0,0,0,0,0,0,0,0,0,0,0,0,0,0,0,0,0,0,0,0,0,0,0,0,0,0,0,0,0,0,0,0
73,0.7144157551229,-0.838347257114947,0.3,5,1,1,0.263415324036032,"B",0.7144157551229,-0.838347257114947,0,0,0,0,0,0,0,0,0,0,0,0,0,0,0,0,0,0,0,0,0,0,0,0,0,0,0,0,0,0,0,0,0,0,0,0,0,0
74,0.437317800242454,-0.443468905985355,0.3,5,1,1,0.933701798785478,"H",0.437317800242454,-0.443468905985355,0,0,0,0,0,0,0,0,0,0,0,0,0,0,0,0,0,0,0,0,0,0,0,0,0,0,0,0,0,0,0,0,0,0,0,0,0,0
75,-0.79560020705685,0.393796111922711,0.3,5,1,1,1.7402473166585,"I",-0.79560020705685,0.393796111922711,0,0,0,0,0,0,0,0,0,0,0,0,0,0,0,0,0,0,0,0,0,0,0,0,0,0,0,0,0,0,0,0,0,0,0,0,0,0
76,-0.496975692454726,0.970801264047623,0.3,5,1,1,1.31662604119629,"H",-0.496975692454726,0.970801264047623,0,0,0,0,0,0,0,0,0,0,0,0,0,0,0,0,0,0,0,0,0,0,0,0,0,0,0,0,0,0,0,0,0,0,0,0,0,0
77,0.936706310603768,0.907760042697191,0.3,5,1,1,1.36155212437734,"H",0.936706310603768,0.907760042697191,0,0,0,0,0,0,0,0,0,0,0,0,0,0,0,0,0,0,0,0,0,0,0,0,0,0,0,0,0,0,0,0,0,0,0,0,0,0
78,-0.364956409670413,0.462298446334898,0.3,5,1,1,1.05365543579683,"D",-0.364956409670413,0.462298446334898,0,0,0,0,0,0,0,0,0,0,0,0,0,0,0,0,0,0,0,0,0,0,0,0,0,0,0,0,0,0,0,0,0,0,0,0,0,0
79,0.292441066820174,0.541641199495643,0.3,5,1,1,1.70172593882307,"C",0.292441066820174,0.541641199495643,0,0,0,0,0,0,0,0,0,0,0,0,0,0,0,0,0,0,0,0,0,0,0,0,0,0,0,0,0,0,0,0,0,0,0,0,0,0
80,-0.278905263636261,0.786251351237297,0.3,5,1,1,1.55587794352323,"H",-0.278905263636261,0.786251351237297,0,0,0,0,0,0,0,0,0,0,0,0,0,0,0,0,0,0,0,0,0,0,0,0,0,0,0,0,0,0,0,0,0,0,0,0,0,0
81,-0.0534928669221699,0.562132695224136,0.3,5,1,1,0.967864123638719,"H",-0.0534928669221699,0.562132695224136,0,0,0,0,0,0,0,0,0,0,0,0,0,0,0,0,0,0,0,0,0,0,0,0,0,0,0,0,0,0,0,0,0,0,0,0,0,0
82,0.922088775318116,-0.605731616262347,0.3,5,1,1,1.60588645515963,"G",0.922088775318116,-0.605731616262347,0,0,0,0,0,0,0,0,0,0,0,0,0,0,0,0,0,0,0,0,0,0,0,0,0,0,0,0,0,0,0,0,0,0,0,0,0,0
83,-0.724502676166594,0.0865274481475353,0.3,5,1,1,1.06577907223254,"J",-0.724502676166594,0.0865274481475353,0,0,0,0,0,0,0,0,0,0,0,0,0,0,0,0,0,0,0,0,0,0,0,0,0,0,0,0,0,0,0,0,0,0,0,0,0,0
84,-0.599160064943135,0.755978330038488,0.3,5,1,1,0.267002639360726,"C",-0.599160064943135,0.755978330038488,0,0,0,0,0,0,0,0,0,0,0,0,0,0,0,0,0,0,0,0,0,0,0,0,0,0,0,0,0,0,0,0,0,0,0,0,0,0
85,-0.93552983365953,-0.833886542823166,0.3,5,1,1,1.29158780584112,"C",-0.93552983365953,-0.833886542823166,0,0,0,0,0,0,0,0,0,0,0,0,0,0,0,0,0,0,0,0,0,0,0,0,0,0,0,0,0,0,0,0,0,0,0,0,0,0
86,0.692247535102069,0.996282546315342,0.3,5,1,1,1.6218598256819,"A",0.692247535102069,0.996282546315342,0,0,0,0,0,0,0,0,0,0,0,0,0,0,0,0,0,0,0,0,0,0,0,0,0,0,0,0,0,0,0,0,0,0,0,0,0,0
87,-0.302802964579314,-0.714950034860522,0.3,5,1,1,0.750097456853837,"G",-0.302802964579314,-0.714950034860522,0,0,0,0,0,0,0,0,0,0,0,0,0,0,0,0,0,0,0,0,0,0,0,0,0,0,0,0,0,0,0,0,0,0,0,0,0,0
88,-0.762677867896855,-0.792598030529916,0.3,5,1,1,0.515974849462509,"G",-0.762677867896855,-0.792598030529916,0,0,0,0,0,0,0,0,0,0,0,0,0,0,0,0,0,0,0,0,0,0,0,0,0,0,0,0,0,0,0,0,0,0,0,0,0,0
89,0.991226465906948,0.910206580068916,0.3,5,1,1,1.40285474434495,"H",0.991226465906948,0.910206580068916,0,0,0,0,0,0,0,0,0,0,0,0,0,0,0,0,0,0,0,0,0,0,0,0,0,0,0,0,0,0,0,0,0,0,0,0,0,0
90,-0.514264842029661,-0.00251665664836764,0.3,5,1,1,1.29456667648628,"J",-0.514264842029661,-0.00251665664836764,0,0,0,0,0,0,0,0,0,0,0,0,0,0,0,0,0,0,0,0,0,0,0,0,0,0,0,0,0,0,0,0,0,0,0,0,0,0
91,0.641378509346396,0.0665011280216277,0.3,5,1,1,0.218552207108587,"B",0.641378509346396,0.0665011280216277,0,0,0,0,0,0,0,0,0,0,0,0,0,0,0,0,0,0,0,0,0,0,0,0,0,0,0,0,0,0,0,0,0,0,0,0,0,0
92,0.862118917983025,-0.968924690969288,0.3,5,1,1,1.77786680404097,"I",0.862118917983025,-0.968924690969288,0,0,0,0,0,0,0,0,0,0,0,0,0,0,0,0,0,0,0,0,0,0,0,0,0,0,0,0,0,0,0,0,0,0,0,0,0,0
93,-0.407391008920968,0.0460469401441514,0.3,5,1,1,1.08296707086265,"G",-0.407391008920968,0.0460469401441514,0,0,0,0,0,0,0,0,0,0,0,0,0,0,0,0,0,0,0,0,0,0,0,0,0,0,0,0,0,0,0,0,0,0,0,0,0,0
94,0.685570891015232,-0.980435386765748,0.3,5,1,1,1.17511106468737,"J",0.685570891015232,-0.980435386765748,0,0,0,0,0,0,0,0,0,0,0,0,0,0,0,0,0,0,0,0,0,0,0,0,0,0,0,0,0,0,0,0,0,0,0,0,0,0
95,-0.123676867224276,0.113951792940497,0.3,5,1,1,0.494933180045336,"G",-0.123676867224276,0.113951792940497,0,0,0,0,0,0,0,0,0,0,0,0,0,0,0,0,0,0,0,0,0,0,0,0,0,0,0,0,0,0,0,0,0,0,0,0,0,0
96,0.0844685356132686,-0.375601087231189,0.3,5,1,1,1.34216044144705,"I",0.0844685356132686,-0.375601087231189,0,0,0,0,0,0,0,0,0,0,0,0,0,0,0,0,0,0,0,0,0,0,0,0,0,0,0,0,0,0,0,0,0,0,0,0,0,0
97,0.200078240595758,0.000738853588700294,0.3,5,1,1,1.35856772307307,"B",0.200078240595758,0.000738853588700294,0,0,0,0,0,0,0,0,0,0,0,0,0,0,0,0,0,0,0,0,0,0,0,0,0,0,0,0,0,0,0,0,0,0,0,0,0,0
98,-0.613377678673714,-0.265584847424179,0.3,5,1,1,0.074643577914685,"I",-0.613377678673714,-0.265584847424179,0,0,0,0,0,0,0,0,0,0,0,0,0,0,0,0,0,0,0,0,0,0,0,0,0,0,0,0,0,0,0,0,0,0,0,0,0,0
99,0.350604323204607,-0.84819212788716,0.3,5,1,1,1.12242792733014,"C",0.350604323204607,-0.84819212788716,0,0,0,0,0,0,0,0,0,0,0,0,0,0,0,0,0,0,0,0,0,0,0,0,0,0,0,0,0,0,0,0,0,0,0,0,0,0
100,0.327452245168388,-0.590765060391277,0.3,5,1,1,1.8193254894577,"E",0.327452245168388,-0.590765060391277,0,0,0,0,0,0,0,0,0,0,0,0,0,0,0,0,0,0,0,0,0,0,0,0,0,0,0,0,0,0,0,0,0,0,0,0,0,0
101,0.49130091490224,-0.541332204360515,0.3,5,1,1,1.52404418867081,"D",0.49130091490224,-0.541332204360515,0,0,0,0,0,0,0,0,0,0,0,0,0,0,0,0,0,0,0,0,0,0,0,0,0,0,0,0,0,0,0,0,0,0,0,0,0,0
102,-0.0527992444112897,-0.272425873670727,0.3,5,1,1,0.365055578295141,"A",-0.0527992444112897,-0.272425873670727,0,0,0,0,0,0,0,0,0,0,0,0,0,0,0,0,0,0,0,0,0,0,0,0,0,0,0,0,0,0,0,0,0,0,0,0,0,0
103,-0.772470267955214,0.197345840279013,0.3,5,1,1,1.91422198573127,"B",-0.772470267955214,0.197345840279013,0,0,0,0,0,0,0,0,0,0,0,0,0,0,0,0,0,0,0,0,0,0,0,0,0,0,0,0,0,0,0,0,0,0,0,0,0,0
104,-0.179633359890431,0.0751749007031322,0.3,5,1,1,0.111562223639339,"A",-0.179633359890431,0.0751749007031322,0,0,0,0,0,0,0,0,0,0,0,0,0,0,0,0,0,0,0,0,0,0,0,0,0,0,0,0,0,0,0,0,0,0,0,0,0,0
105,-0.334868942853063,0.872428096830845,0.3,5,1,1,0.260361446999013,"F",-0.334868942853063,0.872428096830845,0,0,0,0,0,0,0,0,0,0,0,0,0,0,0,0,0,0,0,0,0,0,0,0,0,0,0,0,0,0,0,0,0,0,0,0,0,0
106,-0.0507182371802628,-0.64797641010955,0.3,5,1,1,0.871036965865642,"J",-0.0507182371802628,-0.64797641010955,0,0,0,0,0,0,0,0,0,0,0,0,0,0,0,0,0,0,0,0,0,0,0,0,0,0,0,0,0,0,0,0,0,0,0,0,0,0
107,0.293335921131074,-0.873812411911786,0.3,5,1,1,1.88824028847739,"H",0.293335921131074,-0.873812411911786,0,0,0,0,0,0,0,0,0,0,0,0,0,0,0,0,0,0,0,0,0,0,0,0,0,0,0,0,0,0,0,0,0,0,0,0,0,0
108,-0.7454963340424,-0.846658148802817,0.3,5,1,1,1.31007618736476,"I",-0.7454963340424,-0.846658148802817,0,0,0,0,0,0,0,0,0,0,0,0,0,0,0,0,0,0,0,0,0,0,0,0,0,0,0,0,0,0,0,0,0,0,0,0,0,0
109,-0.26633493648842,-0.844469670206308,0.3,5,1,1,0.582847101613879,"J",-0.26633493648842,-0.844469670206308,0,0,0,0,0,0,0,0,0,0,0,0,0,0,0,0,0,0,0,0,0,0,0,0,0,0,0,0,0,0,0,0,0,0,0,0,0,0
110,-0.576232251245528,0.729587772861123,0.3,5,1,1,0.744552044663578,"D",-0.576232251245528,0.729587772861123,0,0,0,0,0,0,0,0,0,0,0,0,0,0,0,0,0,0,0,0,0,0,0,0,0,0,0,0,0,0,0,0,0,0,0,0,0,0
111,0.931239764671773,-0.0657493947073817,0.3,5,1,1,1.17443892220035,"E",0.931239764671773,-0.0657493947073817,0,0,0,0,0,0,0,0,0,0,0,0,0,0,0,0,0,0,0,0,0,0,0,0,0,0,0,0,0,0,0,0,0,0,0,0,0,0
112,-0.298130741342902,0.28320847870782,0.3,5,1,1,0.297584814485162,"A",-0.298130741342902,0.28320847870782,0,0,0,0,0,0,0,0,0,0,0,0,0,0,0,0,0,0,0,0,0,0,0,0,0,0,0,0,0,0,0,0,0,0,0,0,0,0
113,-0.280226492788643,0.265695655252784,0.3,5,1,1,0.994920444209129,"F",-0.280226492788643,0.265695655252784,0,0,0,0,0,0,0,0,0,0,0,0,0,0,0,0,0,0,0,0,0,0,0,0,0,0,0,0,0,0,0,0,0,0,0,0,0,0
114,-0.827730976510793,0.530631301924586,0.3,5,1,1,1.64649724494666,"I",-0.827730976510793,0.530631301924586,0,0,0,0,0,0,0,0,0,0,0,0,0,0,0,0,0,0,0,0,0,0,0,0,0,0,0,0,0,0,0,0,0,0,0,0,0,0
115,0.557707573287189,0.341599409002811,0.3,5,1,1,0.198812441434711,"F",0.557707573287189,0.341599409002811,0,0,0,0,0,0,0,0,0,0,0,0,0,0,0,0,0,0,0,0,0,0,0,0,0,0,0,0,0,0,0,0,0,0,0,0,0,0
116,-0.785416507162154,-0.196261296980083,0.3,5,1,1,1.34871961222962,"B",-0.785416507162154,-0.196261296980083,0,0,0,0,0,0,0,0,0,0,0,0,0,0,0,0,0,0,0,0,0,0,0,0,0,0,0,0,0,0,0,0,0,0,0,0,0,0
117,0.526883247308433,0.717980665620416,0.3,5,1,1,0.183513312134892,"J",0.526883247308433,0.717980665620416,0,0,0,0,0,0,0,0,0,0,0,0,0,0,0,0,0,0,0,0,0,0,0,0,0,0,0,0,0,0,0,0,0,0,0,0,0,0
118,-0.122015855275095,0.639580312650651,0.3,5,1,1,1.45928189903498,"B",-0.122015855275095,0.639580312650651,0,0,0,0,0,0,0,0,0,0,0,0,0,0,0,0,0,0,0,0,0,0,0,0,0,0,0,0,0,0,0,0,0,0,0,0,0,0
119,-0.347804082091898,0.428131560329348,0.3,5,1,1,0.505108474288136,"E",-0.347804082091898,0.428131560329348,0,0,0,0,0,0,0,0,0,0,0,0,0,0,0,0,0,0,0,0,0,0,0,0,0,0,0,0,0,0,0,0,0,0,0,0,0,0
120,0.378694221377373,0.125086981337517,0.3,5,1,1,1.69099716190249,"A",0.378694221377373,0.125086981337517,0,0,0,0,0,0,0,0,0,0,0,0,0,0,0,0,0,0,0,0,0,0,0,0,0,0,0,0,0,0,0,0,0,0,0,0,0,0
121,-0.474348607938737,-0.541194546036422,0.3,5,1,1,1.85590973403305,"E",-0.474348607938737,-0.541194546036422,0,0,0,0,0,0,0,0,0,0,0,0,0,0,0,0,0,0,0,0,0,0,0,0,0,0,0,0,0,0,0,0,0,0,0,0,0,0
122,-0.061624872032553,0.38987191952765,0.3,5,1,1,0.237463057972491,"C",-0.061624872032553,0.38987191952765,0,0,0,0,0,0,0,0,0,0,0,0,0,0,0,0,0,0,0,0,0,0,0,0,0,0,0,0,0,0,0,0,0,0,0,0,0,0
123,-0.0291937906295061,0.927075641229749,0.3,5,1,1,1.76779953949153,"B",-0.0291937906295061,0.927075641229749,0,0,0,0,0,0,0,0,0,0,0,0,0,0,0,0,0,0,0,0,0,0,0,0,0,0,0,0,0,0,0,0,0,0,0,0,0,0
124,-0.372361964546144,0.87675336189568,0.3,5,1,1,1.08311596838757,"E",-0.372361964546144,0.87675336189568,0,0,0,0,0,0,0,0,0,0,0,0,0,0,0,0,0,0,0,0,0,0,0,0,0,0,0,0,0,0,0,0,0,0,0,0,0,0
125,-0.669264239724725,0.464477319736034,0.3,5,1,1,1.19227875955403,"H",-0.669264239724725,0.464477319736034,0,0,0,0,0,0,0,0,0,0,0,0,0,0,0,0,0,0,0,0,0,0,0,0,0,0,0,0,0,0,0,0,0,0,0,0,0,0
126,-0.0246930113062263,-0.947268756106496,0.3,5,1,1,1.49623976554722,"G",-0.0246930113062263,-0.947268756106496,0,0,0,0,0,0,0,0,0,0,0,0,0,0,0,0,0,0,0,0,0,0,0,0,0,0,0,0,0,0,0,0,0,0,0,0,0,0
127,0.26067768316716,0.923382822424173,0.3,5,1,1,1.7533451076597,"F",0.26067768316716,0.923382822424173,0,0,0,0,0,0,0,0,0,0,0,0,0,0,0,0,0,0,0,0,0,0,0,0,0,0,0,0,0,0,0,0,0,0,0,0,0,0
128,0.0176956192590296,0.283851753454655,0.3,5,1,1,0.757027331739664,"D",0.0176956192590296,0.283851753454655,0,0,0,0,0,0,0,0,0,0,0,0,0,0,0,0,0,0,0,0,0,0,0,0,0,0,0,0,0,0,0,0,0,0,0,0,0,0
129,-0.995008013676852,0.476597737055272,0.3,5,1,1,0.168671580031514,"H",-0.995008013676852,0.476597737055272,0,0,0,0,0,0,0,0,0,0,0,0,0,0,0,0,0,0,0,0,0,0,0,0,0,0,0,0,0,0,0,0,0,0,0,0,0,0
130,-0.580325206741691,0.191811613272876,0.3,5,1,1,0.80800347821787,"I",-0.580325206741691,0.191811613272876,0,0,0,0,0,0,0,0,0,0,0,0,0,0,0,0,0,0,0,0,0,0,0,0,0,0,0,0,0,0,0,0,0,0,0,0,0,0
131,0.105440003331751,-0.63257288467139,0.3,5,1,1,0.94484617235139,"A",0.105440003331751,-0.63257288467139,0,0,0,0,0,0,0,0,0,0,0,0,0,0,0,0,0,0,0,0,0,0,0,0,0,0,0,0,0,0,0,0,0,0,0,0,0,0
132,0.544498059898615,0.108651134651154,0.3,5,1,1,0.735378151293844,"G",0.544498059898615,0.108651134651154,0,0,0,0,0,0,0,0,0,0,0,0,0,0,0,0,0,0,0,0,0,0,0,0,0,0,0,0,0,0,0,0,0,0,0,0,0,0
133,-0.359708687290549,0.977995411492884,0.3,5,1,1,1.5205860324204,"E",-0.359708687290549,0.977995411492884,0,0,0,0,0,0,0,0,0,0,0,0,0,0,0,0,0,0,0,0,0,0,0,0,0,0,0,0,0,0,0,0,0,0,0,0,0,0
134,-0.858519407454878,-0.245033247862011,0.3,5,1,1,1.73989645205438,"E",-0.858519407454878,-0.245033247862011,0,0,0,0,0,0,0,0,0,0,0,0,0,0,0,0,0,0,0,0,0,0,0,0,0,0,0,0,0,0,0,0,0,0,0,0,0,0
135,-0.59133967012167,0.492827204056084,0.3,5,1,1,0.568494308274239,"A",-0.59133967012167,0.492827204056084,0,0,0,0,0,0,0,0,0,0,0,0,0,0,0,0,0,0,0,0,0,0,0,0,0,0,0,0,0,0,0,0,0,0,0,0,0,0
136,0.00756453955546021,-0.814666209742427,0.3,5,1,1,0.343130114953965,"I",0.00756453955546021,-0.814666209742427,0,0,0,0,0,0,0,0,0,0,0,0,0,0,0,0,0,0,0,0,0,0,0,0,0,0,0,0,0,0,0,0,0,0,0,0,0,0
137,0.854746629483998,-0.667187574319541,0.3,5,1,1,1.33441765652969,"F",0.854746629483998,-0.667187574319541,0,0,0,0,0,0,0,0,0,0,0,0,0,0,0,0,0,0,0,0,0,0,0,0,0,0,0,0,0,0,0,0,0,0,0,0,0,0
138,-0.525972255971283,0.938180336728692,0.3,5,1,1,1.72522143600509,"G",-0.525972255971283,0.938180336728692,0,0,0,0,0,0,0,0,0,0,0,0,0,0,0,0,0,0,0,0,0,0,0,0,0,0,0,0,0,0,0,0,0,0,0,0,0,0
139,-0.00143177807331085,0.9549181596376,0.3,5,1,1,1.17205043323338,"H",-0.00143177807331085,0.9549181596376,0,0,0,0,0,0,0,0,0,0,0,0,0,0,0,0,0,0,0,0,0,0,0,0,0,0,0,0,0,0,0,0,0,0,0,0,0,0
140,0.347725897096097,-0.867106447927654,0.3,5,1,1,0.0730370618402958,"I",0.347725897096097,-0.867106447927654,0,0,0,0,0,0,0,0,0,0,0,0,0,0,0,0,0,0,0,0,0,0,0,0,0,0,0,0,0,0,0,0,0,0,0,0,0,0
141,0.774543406907469,0.838176786899567,0.3,5,1,1,1.31581673678011,"E",0.774543406907469,0.838176786899567,0,0,0,0,0,0,0,0,0,0,0,0,0,0,0,0,0,0,0,0,0,0,0,0,0,0,0,0,0,0,0,0,0,0,0,0,0,0
142,0.578778420109302,-0.760749936569482,0.3,5,1,1,0.643061100505292,"E",0.578778420109302,-0.760749936569482,0,0,0,0,0,0,0,0,0,0,0,0,0,0,0,0,0,0,0,0,0,0,0,0,0,0,0,0,0,0,0,0,0,0,0,0,0,0
143,0.95618184749037,-0.019658166449517,0.3,5,1,1,0.141439525876194,"J",0.95618184749037,-0.019658166449517,0,0,0,0,0,0,0,0,0,0,0,0,0,0,0,0,0,0,0,0,0,0,0,0,0,0,0,0,0,0,0,0,0,0,0,0,0,0
144,-0.0956231933087111,0.0825300016440451,0.3,5,1,1,0.722394253592938,"E",-0.0956231933087111,0.0825300016440451,0,0,0,0,0,0,0,0,0,0,0,0,0,0,0,0,0,0,0,0,0,0,0,0,0,0,0,0,0,0,0,0,0,0,0,0,0,0
145,-0.0473008258268237,-0.430184742435813,0.3,5,1,1,0.269311079755425,"I",-0.0473008258268237,-0.430184742435813,0,0,0,0,0,0,0,0,0,0,0,0,0,0,0,0,0,0,0,0,0,0,0,0,0,0,0,0,0,0,0,0,0,0,0,0,0,0
146,-0.466157177463174,-0.844007576815784,0.3,5,1,1,0.552367034368217,"J",-0.466157177463174,-0.844007576815784,0,0,0,0,0,0,0,0,0,0,0,0,0,0,0,0,0,0,0,0,0,0,0,0,0,0,0,0,0,0,0,0,0,0,0,0,0,0
147,0.255457957275212,-0.359618270769715,0.3,5,1,1,1.28537788428366,"B",0.255457957275212,-0.359618270769715,0,0,0,0,0,0,0,0,0,0,0,0,0,0,0,0,0,0,0,0,0,0,0,0,0,0,0,0,0,0,0,0,0,0,0,0,0,0
148,0.0988664822652936,0.935541560407728,0.3,5,1,1,1.97478767530993,"G",0.0988664822652936,0.935541560407728,0,0,0,0,0,0,0,0,0,0,0,0,0,0,0,0,0,0,0,0,0,0,0,0,0,0,0,0,0,0,0,0,0,0,0,0,0,0
149,0.473709359765053,-0.66547611169517,0.3,5,1,1,1.68503506900743,"B",0.473709359765053,-0.66547611169517,0,0,0,0,0,0,0,0,0,0,0,0,0,0,0,0,0,0,0,0,0,0,0,0,0,0,0,0,0,0,0,0,0,0,0,0,0,0
150,0.574239562265575,-0.260409322101623,0.3,5,1,1,1.46559513360262,"F",0.574239562265575,-0.260409322101623,0,0,0,0,0,0,0,0,0,0,0,0,0,0,0,0,0,0,0,0,0,0,0,0,0,0,0,0,0,0,0,0,0,0,0,0,0,0
151,0.989078596699983,-0.986769071314484,0.3,5,1,1,0.860467565245926,"F",0.989078596699983,-0.986769071314484,0,0,0,0,0,0,0,0,0,0,0,0,0,0,0,0,0,0,0,0,0,0,0,0,0,0,0,0,0,0,0,0,0,0,0,0,0,0
152,-0.962719080969691,-0.908064495772123,0.3,5,1,1,0.0387863293290138,"C",-0.962719080969691,-0.908064495772123,0,0,0,0,0,0,0,0,0,0,0,0,0,0,0,0,0,0,0,0,0,0,0,0,0,0,0,0,0,0,0,0,0,0,0,0,0,0
153,0.50099615752697,-0.568952846340835,0.3,5,1,1,1.39609521906823,"H",0.50099615752697,-0.568952846340835,0,0,0,0,0,0,0,0,0,0,0,0,0,0,0,0,0,0,0,0,0,0,0,0,0,0,0,0,0,0,0,0,0,0,0,0,0,0
154,-0.204299487639219,-0.606134006287903,0.3,5,1,1,0.370771691203117,"J",-0.204299487639219,-0.606134006287903,0,0,0,0,0,0,0,0,0,0,0,0,0,0,0,0,0,0,0,0,0,0,0,0,0,0,0,0,0,0,0,0,0,0,0,0,0,0
155,-0.767048054374754,0.00519300950691104,0.3,5,1,1,0.832795882131904,"D",-0.767048054374754,0.00519300950691104,0,0,0,0,0,0,0,0,0,0,0,0,0,0,0,0,0,0,0,0,0,0,0,0,0,0,0,0,0,0,0,0,0,0,0,0,0,0
156,-0.23574125347659,-0.892074344214052,0.3,5,1,1,0.330421604216099,"C",-0.23574125347659,-0.892074344214052,0,0,0,0,0,0,0,0,0,0,0,0,0,0,0,0,0,0,0,0,0,0,0,0,0,0,0,0,0,0,0,0,0,0,0,0,0,0
157,0.463904249947518,-0.971822501625866,0.3,5,1,1,0.0299190664663911,"C",0.463904249947518,-0.971822501625866,0,0,0,0,0,0,0,0,0,0,0,0,0,0,0,0,0,0,0,0,0,0,0,0,0,0,0,0,0,0,0,0,0,0,0,0,0,0
158,-0.2651795768179,0.550079878419638,0.3,5,1,1,1.29604734294116,"F",-0.2651795768179,0.550079878419638,0,0,0,0,0,0,0,0,0,0,0,0,0,0,0,0,0,0,0,0,0,0,0,0,0,0,0,0,0,0,0,0,0,0,0,0,0,0
159,0.75434309290722,0.873467389959842,0.3,5,1,1,0.885163808707148,"D",0.75434309290722,0.873467389959842,0,0,0,0,0,0,0,0,0,0,0,0,0,0,0,0,0,0,0,0,0,0,0,0,0,0,0,0,0,0,0,0,0,0,0,0,0,0
160,-0.0667943661101162,0.840911694802344,0.3,5,1,1,1.703767625615,"J",-0.0667943661101162,0.840911694802344,0,0,0,0,0,0,0,0,0,0,0,0,0,0,0,0,0,0,0,0,0,0,0,0,0,0,0,0,0,0,0,0,0,0,0,0,0,0
161,0.826140659395605,-0.834488725289702,0.3,5,1,1,0.250368546228856,"D",0.826140659395605,-0.834488725289702,0,0,0,0,0,0,0,0,0,0,0,0,0,0,0,0,0,0,0,0,0,0,0,0,0,0,0,0,0,0,0,0,0,0,0,0,0,0
162,0.285631740931422,0.649957860354334,0.3,5,1,1,1.01714096451178,"E",0.285631740931422,0.649957860354334,0,0,0,0,0,0,0,0,0,0,0,0,0,0,0,0,0,0,0,0,0,0,0,0,0,0,0,0,0,0,0,0,0,0,0,0,0,0
163,-0.25604694057256,-0.903074341826141,0.3,5,1,1,0.163812404964119,"F",-0.25604694057256,-0.903074341826141,0,0,0,0,0,0,0,0,0,0,0,0,0,0,0,0,0,0,0,0,0,0,0,0,0,0,0,0,0,0,0,0,0,0,0,0,0,0
164,0.476419448852539,0.800697313155979,0.3,5,1,1,1.74376423005015,"G",0.476419448852539,0.800697313155979,0,0,0,0,0,0,0,0,0,0,0,0,0,0,0,0,0,0,0,0,0,0,0,0,0,0,0,0,0,0,0,0,0,0,0,0,0,0
165,-0.692673451732844,0.381320014595985,0.3,5,1,1,1.13691944582388,"C",-0.692673451732844,0.381320014595985,0,0,0,0,0,0,0,0,0,0,0,0,0,0,0,0,0,0,0,0,0,0,0,0,0,0,0,0,0,0,0,0,0,0,0,0,0,0
166,-0.379025722853839,-0.767334801610559,0.3,5,1,1,0.20297308312729,"D",-0.379025722853839,-0.767334801610559,0,0,0,0,0,0,0,0,0,0,0,0,0,0,0,0,0,0,0,0,0,0,0,0,0,0,0,0,0,0,0,0,0,0,0,0,0,0
167,0.122616651002318,-0.659152951557189,0.3,5,1,1,0.0728545878082514,"C",0.122616651002318,-0.659152951557189,0,0,0,0,0,0,0,0,0,0,0,0,0,0,0,0,0,0,0,0,0,0,0,0,0,0,0,0,0,0,0,0,0,0,0,0,0,0
168,-0.302728148177266,0.993053359910846,0.3,5,1,1,1.4857831033878,"E",-0.302728148177266,0.993053359910846,0,0,0,0,0,0,0,0,0,0,0,0,0,0,0,0,0,0,0,0,0,0,0,0,0,0,0,0,0,0,0,0,0,0,0,0,0,0
169,0.912378274835646,-0.796552028041333,0.3,5,1,1,1.5447096452117,"E",0.912378274835646,-0.796552028041333,0,0,0,0,0,0,0,0,0,0,0,0,0,0,0,0,0,0,0,0,0,0,0,0,0,0,0,0,0,0,0,0,0,0,0,0,0,0
170,0.566486910451204,0.773125927895308,0.3,5,1,1,1.15514266863465,"I",0.566486910451204,0.773125927895308,0,0,0,0,0,0,0,0,0,0,0,0,0,0,0,0,0,0,0,0,0,0,0,0,0,0,0,0,0,0,0,0,0,0,0,0,0,0
171,0.0892845499329269,-0.164502189960331,0.3,5,1,1,0.396232703700662,"J",0.0892845499329269,-0.164502189960331,0,0,0,0,0,0,0,0,0,0,0,0,0,0,0,0,0,0,0,0,0,0,0,0,0,0,0,0,0,0,0,0,0,0,0,0,0,0
172,-0.341333440504968,-0.615032834932208,0.3,5,1,1,1.23547486681491,"J",-0.341333440504968,-0.615032834932208,0,0,0,0,0,0,0,0,0,0,0,0,0,0,0,0,0,0,0,0,0,0,0,0,0,0,0,0,0,0,0,0,0,0,0,0,0,0
173,-0.806928297039121,0.702778848353773,0.3,5,1,1,0.275809998158365,"B",-0.806928297039121,0.702778848353773,0,0,0,0,0,0,0,0,0,0,0,0,0,0,0,0,0,0,0,0,0,0,0,0,0,0,0,0,0,0,0,0,0,0,0,0,0,0
174,-0.923876918852329,-0.7803182345815,0.3,5,1,1,0.980744944885373,"J",-0.923876918852329,-0.7803182345815,0,0,0,0,0,0,0,0,0,0,0,0,0,0,0,0,0,0,0,0,0,0,0,0,0,0,0,0,0,0,0,0,0,0,0,0,0,0
175,0.173482641577721,-0.15062760701403,0.3,5,1,1,1.72119897883385,"J",0.173482641577721,-0.15062760701403,0,0,0,0,0,0,0,0,0,0,0,0,0,0,0,0,0,0,0,0,0,0,0,0,0,0,0,0,0,0,0,0,0,0,0,0,0,0
176,-0.732150475960225,-0.42858097422868,0.3,5,1,1,0.597932180389762,"I",-0.732150475960225,-0.42858097422868,0,0,0,0,0,0,0,0,0,0,0,0,0,0,0,0,0,0,0,0,0,0,0,0,0,0,0,0,0,0,0,0,0,0,0,0,0,0
177,-0.879546695388854,-0.234245141968131,0.3,5,1,1,1.65202754689381,"B",-0.879546695388854,-0.234245141968131,0,0,0,0,0,0,0,0,0,0,0,0,0,0,0,0,0,0,0,0,0,0,0,0,0,0,0,0,0,0,0,0,0,0,0,0,0,0
178,-0.466935281641781,-0.391853761393577,0.3,5,1,1,0.149705917108804,"I",-0.466935281641781,-0.391853761393577,0,0,0,0,0,0,0,0,0,0,0,0,0,0,0,0,0,0,0,0,0,0,0,0,0,0,0,0,0,0,0,0,0,0,0,0,0,0
179,-0.647875810507685,0.827054711990058,0.3,5,1,1,0.784743095748127,"F",-0.647875810507685,0.827054711990058,0,0,0,0,0,0,0,0,0,0,0,0,0,0,0,0,0,0,0,0,0,0,0,0,0,0,0,0,0,0,0,0,0,0,0,0,0,0
180,0.49600876821205,0.442163469735533,0.3,5,1,1,0.812101968564093,"H",0.49600876821205,0.442163469735533,0,0,0,0,0,0,0,0,0,0,0,0,0,0,0,0,0,0,0,0,0,0,0,0,0,0,0,0,0,0,0,0,0,0,0,0,0,0
181,-0.929047478362918,0.296367126516998,0.3,5,1,1,1.81723271450028,"I",-0.929047478362918,0.296367126516998,0,0,0,0,0,0,0,0,0,0,0,0,0,0,0,0,0,0,0,0,0,0,0,0,0,0,0,0,0,0,0,0,0,0,0,0,0,0
182,-0.510461177676916,-0.351829004473984,0.3,5,1,1,0.536562298890203,"I",-0.510461177676916,-0.351829004473984,0,0,0,0,0,0,0,0,0,0,0,0,0,0,0,0,0,0,0,0,0,0,0,0,0,0,0,0,0,0,0,0,0,0,0,0,0,0
183,0.163034999743104,0.598678257782012,0.3,5,1,1,0.950323476921767,"F",0.163034999743104,0.598678257782012,0,0,0,0,0,0,0,0,0,0,0,0,0,0,0,0,0,0,0,0,0,0,0,0,0,0,0,0,0,0,0,0,0,0,0,0,0,0
184,-0.291791683062911,0.7434290968813,0.3,5,1,1,1.74482094170526,"H",-0.291791683062911,0.7434290968813,0,0,0,0,0,0,0,0,0,0,0,0,0,0,0,0,0,0,0,0,0,0,0,0,0,0,0,0,0,0,0,0,0,0,0,0,0,0
185,0.112849378027022,-0.349803877994418,0.3,5,1,1,1.75055272923782,"G",0.112849378027022,-0.349803877994418,0,0,0,0,0,0,0,0,0,0,0,0,0,0,0,0,0,0,0,0,0,0,0,0,0,0,0,0,0,0,0,0,0,0,0,0,0,0
186,0.0419685388915241,0.180476135574281,0.3,5,1,1,0.141859317664057,"G",0.0419685388915241,0.180476135574281,0,0,0,0,0,0,0,0,0,0,0,0,0,0,0,0,0,0,0,0,0,0,0,0,0,0,0,0,0,0,0,0,0,0,0,0,0,0
187,0.655334527138621,0.19845774769783,0.3,5,1,1,1.83005836885422,"C",0.655334527138621,0.19845774769783,0,0,0,0,0,0,0,0,0,0,0,0,0,0,0,0,0,0,0,0,0,0,0,0,0,0,0,0,0,0,0,0,0,0,0,0,0,0
188,0.0644386354833841,0.688521807081997,0.3,5,1,1,0.112117551267147,"B",0.0644386354833841,0.688521807081997,0,0,0,0,0,0,0,0,0,0,0,0,0,0,0,0,0,0,0,0,0,0,0,0,0,0,0,0,0,0,0,0,0,0,0,0,0,0
189,-0.00564813055098057,0.859790584072471,0.3,5,1,1,1.75083832861856,"I",-0.00564813055098057,0.859790584072471,0,0,0,0,0,0,0,0,0,0,0,0,0,0,0,0,0,0,0,0,0,0,0,0,0,0,0,0,0,0,0,0,0,0,0,0,0,0
190,-0.708275489974767,-0.265517235267907,0.3,5,1,1,0.98318442935124,"I",-0.708275489974767,-0.265517235267907,0,0,0,0,0,0,0,0,0,0,0,0,0,0,0,0,0,0,0,0,0,0,0,0,0,0,0,0,0,0,0,0,0,0,0,0,0,0
191,-0.445423311088234,0.939963556826115,0.3,5,1,1,1.40945084951818,"D",-0.445423311088234,0.939963556826115,0,0,0,0,0,0,0,0,0,0,0,0,0,0,0,0,0,0,0,0,0,0,0,0,0,0,0,0,0,0,0,0,0,0,0,0,0,0
192,-0.769374284427613,0.930472997482866,0.3,5,1,1,0.930871960241348,"E",-0.769374284427613,0.930472997482866,0,0,0,0,0,0,0,0,0,0,0,0,0,0,0,0,0,0,0,0,0,0,0,0,0,0,0,0,0,0,0,0,0,0,0,0,0,0
193,0.355317411012948,-0.131346376147121,0.3,5,1,1,0.988044737372547,"J",0.355317411012948,-0.131346376147121,0,0,0,0,0,0,0,0,0,0,0,0,0,0,0,0,0,0,0,0,0,0,0,0,0,0,0,0,0,0,0,0,0,0,0,0,0,0
194,0.192896919790655,0.340458910912275,0.3,5,1,1,0.130397523753345,"J",0.192896919790655,0.340458910912275,0,0,0,0,0,0,0,0,0,0,0,0,0,0,0,0,0,0,0,0,0,0,0,0,0,0,0,0,0,0,0,0,0,0,0,0,0,0
195,0.600782180204988,0.95236603775993,0.3,5,1,1,0.644876947626472,"B",0.600782180204988,0.95236603775993,0,0,0,0,0,0,0,0,0,0,0,0,0,0,0,0,0,0,0,0,0,0,0,0,0,0,0,0,0,0,0,0,0,0,0,0,0,0
196,-0.909328133333474,-0.343300306703895,0.3,5,1,1,0.264958200510591,"I",-0.909328133333474,-0.343300306703895,0,0,0,0,0,0,0,0,0,0,0,0,0,0,0,0,0,0,0,0,0,0,0,0,0,0,0,0,0,0,0,0,0,0,0,0,0,0
197,0.756116738077253,-0.172003284562379,0.3,5,1,1,0.75817964784801,"J",0.756116738077253,-0.172003284562379,0,0,0,0,0,0,0,0,0,0,0,0,0,0,0,0,0,0,0,0,0,0,0,0,0,0,0,0,0,0,0,0,0,0,0,0,0,0
198,0.0439946241676807,0.215179588645697,0.3,5,1,1,1.35125547461212,"H",0.0439946241676807,0.215179588645697,0,0,0,0,0,0,0,0,0,0,0,0,0,0,0,0,0,0,0,0,0,0,0,0,0,0,0,0,0,0,0,0,0,0,0,0,0,0
199,-0.644374478142709,0.822479605674744,0.3,5,1,1,0.358074731659144,"J",-0.644374478142709,0.822479605674744,0,0,0,0,0,0,0,0,0,0,0,0,0,0,0,0,0,0,0,0,0,0,0,0,0,0,0,0,0,0,0,0,0,0,0,0,0,0
200,0.508985803462565,0.992660254705697,0.3,5,1,1,1.99804181046784,"G",0.508985803462565,0.992660254705697,0,0,0,0,0,0,0,0,0,0,0,0,0,0,0,0,0,0,0,0,0,0,0,0,0,0,0,0,0,0,0,0,0,0,0,0,0,0
201,-0.268515333533287,0.398435381241143,0.3,5,1,1,0.440584862604737,"G",-0.268515333533287,0.398435381241143,0,0,0,0,0,0,0,0,0,0,0,0,0,0,0,0,0,0,0,0,0,0,0,0,0,0,0,0,0,0,0,0,0,0,0,0,0,0
202,0.88225221587345,-0.518709303345531,0.3,5,1,1,1.24554186314344,"B",0.88225221587345,-0.518709303345531,0,0,0,0,0,0,0,0,0,0,0,0,0,0,0,0,0,0,0,0,0,0,0,0,0,0,0,0,0,0,0,0,0,0,0,0,0,0
203,-0.133010755758733,-0.699312263634056,0.3,5,1,1,1.22150159440935,"C",-0.133010755758733,-0.699312263634056,0,0,0,0,0,0,0,0,0,0,0,0,0,0,0,0,0,0,0,0,0,0,0,0,0,0,0,0,0,0,0,0,0,0,0,0,0,0
204,0.780372211709619,-0.616199110634625,0.3,5,1,1,1.51989215658978,"B",0.780372211709619,-0.616199110634625,0,0,0,0,0,0,0,0,0,0,0,0,0,0,0,0,0,0,0,0,0,0,0,0,0,0,0,0,0,0,0,0,0,0,0,0,0,0
205,-0.841093881987035,0.04776222538203,0.3,5,1,1,0.143301591742784,"G",-0.841093881987035,0.04776222538203,0,0,0,0,0,0,0,0,0,0,0,0,0,0,0,0,0,0,0,0,0,0,0,0,0,0,0,0,0,0,0,0,0,0,0,0,0,0
206,0.855641916394234,0.618661680258811,0.3,5,1,1,0.162806499749422,"A",0.855641916394234,0.618661680258811,0,0,0,0,0,0,0,0,0,0,0,0,0,0,0,0,0,0,0,0,0,0,0,0,0,0,0,0,0,0,0,0,0,0,0,0,0,0
207,0.990057673305273,0.851283227559179,0.3,5,1,1,1.47486169822514,"E",0.990057673305273,0.851283227559179,0,0,0,0,0,0,0,0,0,0,0,0,0,0,0,0,0,0,0,0,0,0,0,0,0,0,0,0,0,0,0,0,0,0,0,0,0,0
208,0.0160472374409437,0.381932552903891,0.3,5,1,1,0.893506616353989,"F",0.0160472374409437,0.381932552903891,0,0,0,0,0,0,0,0,0,0,0,0,0,0,0,0,0,0,0,0,0,0,0,0,0,0,0,0,0,0,0,0,0,0,0,0,0,0
209,0.883486989885569,0.953547934535891,0.3,5,1,1,1.05463969986886,"J",0.883486989885569,0.953547934535891,0,0,0,0,0,0,0,0,0,0,0,0,0,0,0,0,0,0,0,0,0,0,0,0,0,0,0,0,0,0,0,0,0,0,0,0,0,0
210,-0.529261717572808,-0.682375733740628,0.3,5,1,1,1.21698631672189,"B",-0.529261717572808,-0.682375733740628,0,0,0,0,0,0,0,0,0,0,0,0,0,0,0,0,0,0,0,0,0,0,0,0,0,0,0,0,0,0,0,0,0,0,0,0,0,0
211,0.83214056910947,-0.957160615827888,0.3,5,1,1,0.392891061957926,"A",0.83214056910947,-0.957160615827888,0,0,0,0,0,0,0,0,0,0,0,0,0,0,0,0,0,0,0,0,0,0,0,0,0,0,0,0,0,0,0,0,0,0,0,0,0,0
212,0.00404921406880021,0.408493424765766,0.3,5,1,1,0.132414609193802,"C",0.00404921406880021,0.408493424765766,0,0,0,0,0,0,0,0,0,0,0,0,0,0,0,0,0,0,0,0,0,0,0,0,0,0,0,0,0,0,0,0,0,0,0,0,0,0
213,0.301653013098985,-0.706198336090893,0.3,5,1,1,0.267965325620025,"I",0.301653013098985,-0.706198336090893,0,0,0,0,0,0,0,0,0,0,0,0,0,0,0,0,0,0,0,0,0,0,0,0,0,0,0,0,0,0,0,0,0,0,0,0,0,0
214,-0.947675237432122,-0.829138648696244,0.3,5,1,1,1.48167968727648,"D",-0.947675237432122,-0.829138648696244,0,0,0,0,0,0,0,0,0,0,0,0,0,0,0,0,0,0,0,0,0,0,0,0,0,0,0,0,0,0,0,0,0,0,0,0,0,0
215,0.127236810512841,-0.748239812906832,0.3,5,1,1,1.08879010332748,"I",0.127236810512841,-0.748239812906832,0,0,0,0,0,0,0,0,0,0,0,0,0,0,0,0,0,0,0,0,0,0,0,0,0,0,0,0,0,0,0,0,0,0,0,0,0,0
216,0.745466548018157,-0.427145777270198,0.3,5,1,1,0.710377071984112,"A",0.745466548018157,-0.427145777270198,0,0,0,0,0,0,0,0,0,0,0,0,0,0,0,0,0,0,0,0,0,0,0,0,0,0,0,0,0,0,0,0,0,0,0,0,0,0
217,0.614263780415058,-0.17386993393302,0.3,5,1,1,0.434624562971294,"H",0.614263780415058,-0.17386993393302,0,0,0,0,0,0,0,0,0,0,0,0,0,0,0,0,0,0,0,0,0,0,0,0,0,0,0,0,0,0,0,0,0,0,0,0,0,0
218,-0.692125666420907,-0.42586464388296,0.3,5,1,1,0.278471582569182,"G",-0.692125666420907,-0.42586464388296,0,0,0,0,0,0,0,0,0,0,0,0,0,0,0,0,0,0,0,0,0,0,0,0,0,0,0,0,0,0,0,0,0,0,0,0,0,0
219,-0.991604443639517,0.706217410508543,0.3,5,1,1,0.575421947054565,"C",-0.991604443639517,0.706217410508543,0,0,0,0,0,0,0,0,0,0,0,0,0,0,0,0,0,0,0,0,0,0,0,0,0,0,0,0,0,0,0,0,0,0,0,0,0,0
220,0.531141737941653,0.677297269925475,0.3,5,1,1,0.575950013939291,"F",0.531141737941653,0.677297269925475,0,0,0,0,0,0,0,0,0,0,0,0,0,0,0,0,0,0,0,0,0,0,0,0,0,0,0,0,0,0,0,0,0,0,0,0,0,0
221,-0.327928970567882,0.910134800709784,0.3,5,1,1,0.0993952392600477,"D",-0.327928970567882,0.910134800709784,0,0,0,0,0,0,0,0,0,0,0,0,0,0,0,0,0,0,0,0,0,0,0,0,0,0,0,0,0,0,0,0,0,0,0,0,0,0
222,0.869672008324414,-0.862232279963791,0.3,5,1,1,1.6241779634729,"J",0.869672008324414,-0.862232279963791,0,0,0,0,0,0,0,0,0,0,0,0,0,0,0,0,0,0,0,0,0,0,0,0,0,0,0,0,0,0,0,0,0,0,0,0,0,0
223,-0.483645060099661,-0.496023618150502,0.3,5,1,1,0.133956419769675,"D",-0.483645060099661,-0.496023618150502,0,0,0,0,0,0,0,0,0,0,0,0,0,0,0,0,0,0,0,0,0,0,0,0,0,0,0,0,0,0,0,0,0,0,0,0,0,0
224,-0.378131660167128,-0.202984881121665,0.3,5,1,1,1.8606895734556,"C",-0.378131660167128,-0.202984881121665,0,0,0,0,0,0,0,0,0,0,0,0,0,0,0,0,0,0,0,0,0,0,0,0,0,0,0,0,0,0,0,0,0,0,0,0,0,0
225,0.325487223919481,0.836615133099258,0.3,5,1,1,0.140445271506906,"J",0.325487223919481,0.836615133099258,0,0,0,0,0,0,0,0,0,0,0,0,0,0,0,0,0,0,0,0,0,0,0,0,0,0,0,0,0,0,0,0,0,0,0,0,0,0
226,0.802701906301081,0.848824385553598,0.3,5,1,1,0.432714093476534,"D",0.802701906301081,0.848824385553598,0,0,0,0,0,0,0,0,0,0,0,0,0,0,0,0,0,0,0,0,0,0,0,0,0,0,0,0,0,0,0,0,0,0,0,0,0,0
227,0.538470384199172,-0.7768943621777,0.3,5,1,1,0.243681455496699,"F",0.538470384199172,-0.7768943621777,0,0,0,0,0,0,0,0,0,0,0,0,0,0,0,0,0,0,0,0,0,0,0,0,0,0,0,0,0,0,0,0,0,0,0,0,0,0
228,-0.365280997939408,0.108573747333139,0.3,5,1,1,1.55851818062365,"B",-0.365280997939408,0.108573747333139,0,0,0,0,0,0,0,0,0,0,0,0,0,0,0,0,0,0,0,0,0,0,0,0,0,0,0,0,0,0,0,0,0,0,0,0,0,0
229,-0.42553316289559,-0.611923247110099,0.3,5,1,1,0.876485722139478,"G",-0.42553316289559,-0.611923247110099,0,0,0,0,0,0,0,0,0,0,0,0,0,0,0,0,0,0,0,0,0,0,0,0,0,0,0,0,0,0,0,0,0,0,0,0,0,0
230,-0.031476370524615,0.839356096461415,0.3,5,1,1,1.37377954274416,"I",-0.031476370524615,0.839356096461415,0,0,0,0,0,0,0,0,0,0,0,0,0,0,0,0,0,0,0,0,0,0,0,0,0,0,0,0,0,0,0,0,0,0,0,0,0,0
231,0.316057704389095,0.929390675853938,0.3,5,1,1,1.85425497824326,"I",0.316057704389095,0.929390675853938,0,0,0,0,0,0,0,0,0,0,0,0,0,0,0,0,0,0,0,0,0,0,0,0,0,0,0,0,0,0,0,0,0,0,0,0,0,0
232,-0.549946117214859,0.20932503324002,0.3,5,1,1,0.0534085063263774,"J",-0.549946117214859,0.20932503324002,0,0,0,0,0,0,0,0,0,0,0,0,0,0,0,0,0,0,0,0,0,0,0,0,0,0,0,0,0,0,0,0,0,0,0,0,0,0
233,-0.156026490963995,-0.611084229312837,0.3,5,1,1,1.52515192097053,"B",-0.156026490963995,-0.611084229312837,0,0,0,0,0,0,0,0,0,0,0,0,0,0,0,0,0,0,0,0,0,0,0,0,0,0,0,0,0,0,0,0,0,0,0,0,0,0
234,0.693687916733325,-0.570336848031729,0.3,5,1,1,0.46028367895633,"E",0.693687916733325,-0.570336848031729,0,0,0,0,0,0,0,0,0,0,0,0,0,0,0,0,0,0,0,0,0,0,0,0,0,0,0,0,0,0,0,0,0,0,0,0,0,0
235,-0.804656933061779,0.873165444936603,0.3,5,1,1,0.037056262139231,"H",-0.804656933061779,0.873165444936603,0,0,0,0,0,0,0,0,0,0,0,0,0,0,0,0,0,0,0,0,0,0,0,0,0,0,0,0,0,0,0,0,0,0,0,0,0,0
236,-0.340404340066016,0.298960458952934,0.3,5,1,1,0.890732866246253,"G",-0.340404340066016,0.298960458952934,0,0,0,0,0,0,0,0,0,0,0,0,0,0,0,0,0,0,0,0,0,0,0,0,0,0,0,0,0,0,0,0,0,0,0,0,0,0
237,0.536465188954026,0.228652679827064,0.3,5,1,1,0.186327111907303,"J",0.536465188954026,0.228652679827064,0,0,0,0,0,0,0,0,0,0,0,0,0,0,0,0,0,0,0,0,0,0,0,0,0,0,0,0,0,0,0,0,0,0,0,0,0,0
238,0.265332295093685,0.0245673251338303,0.3,5,1,1,1.30429754965007,"J",0.265332295093685,0.0245673251338303,0,0,0,0,0,0,0,0,0,0,0,0,0,0,0,0,0,0,0,0,0,0,0,0,0,0,0,0,0,0,0,0,0,0,0,0,0,0
239,-0.527176904957741,-0.804692345205694,0.3,5,1,1,1.68480702815577,"D",-0.527176904957741,-0.804692345205694,0,0,0,0,0,0,0,0,0,0,0,0,0,0,0,0,0,0,0,0,0,0,0,0,0,0,0,0,0,0,0,0,0,0,0,0,0,0
240,0.255752879660577,0.526092980522662,0.3,5,1,1,0.610323049128056,"A",0.255752879660577,0.526092980522662,0,0,0,0,0,0,0,0,0,0,0,0,0,0,0,0,0,0,0,0,0,0,0,0,0,0,0,0,0,0,0,0,0,0,0,0,0,0
241,-0.21273815119639,-0.559646954759955,0.3,5,1,1,0.0118083166889846,"F",-0.21273815119639,-0.559646954759955,0,0,0,0,0,0,0,0,0,0,0,0,0,0,0,0,0,0,0,0,0,0,0,0,0,0,0,0,0,0,0,0,0,0,0,0,0,0
242,-0.847420405596495,0.0598297831602395,0.3,5,1,1,1.01361343124881,"F",-0.847420405596495,0.0598297831602395,0,0,0,0,0,0,0,0,0,0,0,0,0,0,0,0,0,0,0,0,0,0,0,0,0,0,0,0,0,0,0,0,0,0,0,0,0,0
243,0.241547804325819,0.14092497061938,0.3,5,1,1,1.52796406345442,"H",0.241547804325819,0.14092497061938,0,0,0,0,0,0,0,0,0,0,0,0,0,0,0,0,0,0,0,0,0,0,0,0,0,0,0,0,0,0,0,0,0,0,0,0,0,0
244,0.372475708369166,-0.895439982879907,0.3,5,1,1,1.08418484823778,"I",0.372475708369166,-0.895439982879907,0,0,0,0,0,0,0,0,0,0,0,0,0,0,0,0,0,0,0,0,0,0,0,0,0,0,0,0,0,0,0,0,0,0,0,0,0,0
245,0.0724741062149405,0.881221550051123,0.3,5,1,1,1.95513035589829,"G",0.0724741062149405,0.881221550051123,0,0,0,0,0,0,0,0,0,0,0,0,0,0,0,0,0,0,0,0,0,0,0,0,0,0,0,0,0,0,0,0,0,0,0,0,0,0
246,0.512188415974379,-0.953379285521805,0.3,5,1,1,1.47771578468382,"J",0.512188415974379,-0.953379285521805,0,0,0,0,0,0,0,0,0,0,0,0,0,0,0,0,0,0,0,0,0,0,0,0,0,0,0,0,0,0,0,0,0,0,0,0,0,0
247,-0.190778874326497,0.778662632685155,0.3,5,1,1,1.42048801900819,"I",-0.190778874326497,0.778662632685155,0,0,0,0,0,0,0,0,0,0,0,0,0,0,0,0,0,0,0,0,0,0,0,0,0,0,0,0,0,0,0,0,0,0,0,0,0,0
248,-0.505205183289945,-0.635394959710538,0.3,5,1,1,0.227635037619621,"E",-0.505205183289945,-0.635394959710538,0,0,0,0,0,0,0,0,0,0,0,0,0,0,0,0,0,0,0,0,0,0,0,0,0,0,0,0,0,0,0,0,0,0,0,0,0,0
249,-0.711292184423655,-0.484403690788895,0.3,5,1,1,0.347382010892034,"G",-0.711292184423655,-0.484403690788895,0,0,0,0,0,0,0,0,0,0,0,0,0,0,0,0,0,0,0,0,0,0,0,0,0,0,0,0,0,0,0,0,0,0,0,0,0,0
250,-0.625125871039927,-0.713583244010806,0.3,5,1,1,1.70045135822147,"J",-0.625125871039927,-0.713583244010806,0,0,0,0,0,0,0,0,0,0,0,0,0,0,0,0,0,0,0,0,0,0,0,0,0,0,0,0,0,0,0,0,0,0,0,0,0,0
251,0.233284332323819,0.321308798156679,0.3,5,1,1,1.02732476964593,"D",0.233284332323819,0.321308798156679,0,0,0,0,0,0,0,0,0,0,0,0,0,0,0,0,0,0,0,0,0,0,0,0,0,0,0,0,0,0,0,0,0,0,0,0,0,0
252,0.517863288987428,-0.104205378796905,0.3,5,1,1,0.0329917659983039,"G",0.517863288987428,-0.104205378796905,0,0,0,0,0,0,0,0,0,0,0,0,0,0,0,0,0,0,0,0,0,0,0,0,0,0,0,0,0,0,0,0,0,0,0,0,0,0
253,-0.590542555321008,-0.930912301875651,0.3,5,1,1,1.56928756507114,"B",-0.590542555321008,-0.930912301875651,0,0,0,0,0,0,0,0,0,0,0,0,0,0,0,0,0,0,0,0,0,0,0,0,0,0,0,0,0,0,0,0,0,0,0,0,0,0
254,0.42190877487883,0.606859593652189,0.3,5,1,1,0.839430127292871,"B",0.42190877487883,0.606859593652189,0,0,0,0,0,0,0,0,0,0,0,0,0,0,0,0,0,0,0,0,0,0,0,0,0,0,0,0,0,0,0,0,0,0,0,0,0,0
255,0.0973404548130929,-0.965473748743534,0.3,5,1,1,1.5582122374326,"D",0.0973404548130929,-0.965473748743534,0,0,0,0,0,0,0,0,0,0,0,0,0,0,0,0,0,0,0,0,0,0,0,0,0,0,0,0,0,0,0,0,0,0,0,0,0,0
256,-0.364363294560462,-0.432511335704476,0.3,5,1,1,1.22541441768408,"C",-0.364363294560462,-0.432511335704476,0,0,0,0,0,0,0,0,0,0,0,0,0,0,0,0,0,0,0,0,0,0,0,0,0,0,0,0,0,0,0,0,0,0,0,0,0,0
257,0.99487183522433,-0.269078315235674,0.3,5,1,1,1.25488323625177,"B",0.99487183522433,-0.269078315235674,0,0,0,0,0,0,0,0,0,0,0,0,0,0,0,0,0,0,0,0,0,0,0,0,0,0,0,0,0,0,0,0,0,0,0,0,0,0
258,-0.00247610453516245,0.428079568315297,0.3,5,1,1,0.379852097481489,"D",-0.00247610453516245,0.428079568315297,0,0,0,0,0,0,0,0,0,0,0,0,0,0,0,0,0,0,0,0,0,0,0,0,0,0,0,0,0,0,0,0,0,0,0,0,0,0
259,0.993770784232765,-0.728828564751893,0.3,5,1,1,0.617592686321586,"B",0.993770784232765,-0.728828564751893,0,0,0,0,0,0,0,0,0,0,0,0,0,0,0,0,0,0,0,0,0,0,0,0,0,0,0,0,0,0,0,0,0,0,0,0,0,0
260,-0.712228673510253,-0.391512445174158,0.3,5,1,1,1.64258426195011,"F",-0.712228673510253,-0.391512445174158,0,0,0,0,0,0,0,0,0,0,0,0,0,0,0,0,0,0,0,0,0,0,0,0,0,0,0,0,0,0,0,0,0,0,0,0,0,0
261,-0.967929911799729,-0.278881865553558,0.3,5,1,1,1.62257655244321,"A",-0.967929911799729,-0.278881865553558,0,0,0,0,0,0,0,0,0,0,0,0,0,0,0,0,0,0,0,0,0,0,0,0,0,0,0,0,0,0,0,0,0,0,0,0,0,0
262,-0.814220531843603,0.706034210510552,0.3,5,1,1,1.79513923497871,"F",-0.814220531843603,0.706034210510552,0,0,0,0,0,0,0,0,0,0,0,0,0,0,0,0,0,0,0,0,0,0,0,0,0,0,0,0,0,0,0,0,0,0,0,0,0,0
263,-0.029257036279887,-0.678269269410521,0.3,5,1,1,0.0659657157957554,"C",-0.029257036279887,-0.678269269410521,0,0,0,0,0,0,0,0,0,0,0,0,0,0,0,0,0,0,0,0,0,0,0,0,0,0,0,0,0,0,0,0,0,0,0,0,0,0
264,0.41941077215597,-0.824175553396344,0.3,5,1,1,0.507409915328026,"E",0.41941077215597,-0.824175553396344,0,0,0,0,0,0,0,0,0,0,0,0,0,0,0,0,0,0,0,0,0,0,0,0,0,0,0,0,0,0,0,0,0,0,0,0,0,0
265,-0.936121909413487,0.574657670687884,0.3,5,1,1,1.74291104869917,"C",-0.936121909413487,0.574657670687884,0,0,0,0,0,0,0,0,0,0,0,0,0,0,0,0,0,0,0,0,0,0,0,0,0,0,0,0,0,0,0,0,0,0,0,0,0,0
266,0.767580998595804,0.899190245661885,0.3,5,1,1,0.335593630559742,"A",0.767580998595804,0.899190245661885,0,0,0,0,0,0,0,0,0,0,0,0,0,0,0,0,0,0,0,0,0,0,0,0,0,0,0,0,0,0,0,0,0,0,0,0,0,0
267,-0.778170367702842,0.757632220163941,0.3,5,1,1,0.592775358818471,"G",-0.778170367702842,0.757632220163941,0,0,0,0,0,0,0,0,0,0,0,0,0,0,0,0,0,0,0,0,0,0,0,0,0,0,0,0,0,0,0,0,0,0,0,0,0,0
268,-0.487100523896515,-0.620799746364355,0.3,5,1,1,1.64167700242251,"I",-0.487100523896515,-0.620799746364355,0,0,0,0,0,0,0,0,0,0,0,0,0,0,0,0,0,0,0,0,0,0,0,0,0,0,0,0,0,0,0,0,0,0,0,0,0,0
269,-0.0997862531803548,0.563159440644085,0.3,5,1,1,1.32694354141131,"D",-0.0997862531803548,0.563159440644085,0,0,0,0,0,0,0,0,0,0,0,0,0,0,0,0,0,0,0,0,0,0,0,0,0,0,0,0,0,0,0,0,0,0,0,0,0,0
270,-0.143873014021665,-0.108789581805468,0.3,5,1,1,0.716811686754227,"D",-0.143873014021665,-0.108789581805468,0,0,0,0,0,0,0,0,0,0,0,0,0,0,0,0,0,0,0,0,0,0,0,0,0,0,0,0,0,0,0,0,0,0,0,0,0,0
271,-0.97133851191029,-0.478203566279262,0.3,5,1,1,1.68375841714442,"A",-0.97133851191029,-0.478203566279262,0,0,0,0,0,0,0,0,0,0,0,0,0,0,0,0,0,0,0,0,0,0,0,0,0,0,0,0,0,0,0,0,0,0,0,0,0,0
272,-0.729917236603796,0.473189983982593,0.3,5,1,1,1.44444106612355,"A",-0.729917236603796,0.473189983982593,0,0,0,0,0,0,0,0,0,0,0,0,0,0,0,0,0,0,0,0,0,0,0,0,0,0,0,0,0,0,0,0,0,0,0,0,0,0
273,-0.902209539432079,0.328903228975832,0.3,5,1,1,0.160588840488344,"F",-0.902209539432079,0.328903228975832,0,0,0,0,0,0,0,0,0,0,0,0,0,0,0,0,0,0,0,0,0,0,0,0,0,0,0,0,0,0,0,0,0,0,0,0,0,0
274,-0.424205633345991,-0.87505516782403,0.3,5,1,1,1.72067565005273,"G",-0.424205633345991,-0.87505516782403,0,0,0,0,0,0,0,0,0,0,0,0,0,0,0,0,0,0,0,0,0,0,0,0,0,0,0,0,0,0,0,0,0,0,0,0,0,0
275,-0.465671639423817,-0.322369437664747,0.3,5,1,1,0.658329084981233,"B",-0.465671639423817,-0.322369437664747,0,0,0,0,0,0,0,0,0,0,0,0,0,0,0,0,0,0,0,0,0,0,0,0,0,0,0,0,0,0,0,0,0,0,0,0,0,0
276,-0.41530993534252,-0.72105157468468,0.3,5,1,1,0.376598943024874,"D",-0.41530993534252,-0.72105157468468,0,0,0,0,0,0,0,0,0,0,0,0,0,0,0,0,0,0,0,0,0,0,0,0,0,0,0,0,0,0,0,0,0,0,0,0,0,0
277,0.446890713647008,0.699970098212361,0.3,5,1,1,0.932076984550804,"B",0.446890713647008,0.699970098212361,0,0,0,0,0,0,0,0,0,0,0,0,0,0,0,0,0,0,0,0,0,0,0,0,0,0,0,0,0,0,0,0,0,0,0,0,0,0
278,-0.0893059410154819,-0.122674406971782,0.3,5,1,1,0.62764664972201,"D",-0.0893059410154819,-0.122674406971782,0,0,0,0,0,0,0,0,0,0,0,0,0,0,0,0,0,0,0,0,0,0,0,0,0,0,0,0,0,0,0,0,0,0,0,0,0,0
279,-0.913907789159566,0.805296985432506,0.3,5,1,1,0.391865274868906,"I",-0.913907789159566,0.805296985432506,0,0,0,0,0,0,0,0,0,0,0,0,0,0,0,0,0,0,0,0,0,0,0,0,0,0,0,0,0,0,0,0,0,0,0,0,0,0
280,0.896583646535873,0.60430072247982,0.3,5,1,1,1.59518337668851,"A",0.896583646535873,0.60430072247982,0,0,0,0,0,0,0,0,0,0,0,0,0,0,0,0,0,0,0,0,0,0,0,0,0,0,0,0,0,0,0,0,0,0,0,0,0,0
281,-0.98920496320352,-0.108370252419263,0.3,5,1,1,1.40713893529028,"G",-0.98920496320352,-0.108370252419263,0,0,0,0,0,0,0,0,0,0,0,0,0,0,0,0,0,0,0,0,0,0,0,0,0,0,0,0,0,0,0,0,0,0,0,0,0,0
282,-0.539746977388859,0.384441391099244,0.3,5,1,1,0.818559844046831,"G",-0.539746977388859,0.384441391099244,0,0,0,0,0,0,0,0,0,0,0,0,0,0,0,0,0,0,0,0,0,0,0,0,0,0,0,0,0,0,0,0,0,0,0,0,0,0
283,-0.489442656282336,-0.511930886656046,0.3,5,1,1,1.3684481009841,"E",-0.489442656282336,-0.511930886656046,0,0,0,0,0,0,0,0,0,0,0,0,0,0,0,0,0,0,0,0,0,0,0,0,0,0,0,0,0,0,0,0,0,0,0,0,0,0
284,0.838123266585171,-0.430870175827295,0.3,5,1,1,1.88042442733422,"F",0.838123266585171,-0.430870175827295,0,0,0,0,0,0,0,0,0,0,0,0,0,0,0,0,0,0,0,0,0,0,0,0,0,0,0,0,0,0,0,0,0,0,0,0,0,0
285,0.803200941998512,0.0302097136154771,0.3,5,1,1,0.519130173604935,"A",0.803200941998512,0.0302097136154771,0,0,0,0,0,0,0,0,0,0,0,0,0,0,0,0,0,0,0,0,0,0,0,0,0,0,0,0,0,0,0,0,0,0,0,0,0,0
286,0.0465390863828361,-0.48387791775167,0.3,5,1,1,1.51327947340906,"D",0.0465390863828361,-0.48387791775167,0,0,0,0,0,0,0,0,0,0,0,0,0,0,0,0,0,0,0,0,0,0,0,0,0,0,0,0,0,0,0,0,0,0,0,0,0,0
287,0.853889199439436,-0.117290815338492,0.3,5,1,1,0.279337420593947,"D",0.853889199439436,-0.117290815338492,0,0,0,0,0,0,0,0,0,0,0,0,0,0,0,0,0,0,0,0,0,0,0,0,0,0,0,0,0,0,0,0,0,0,0,0,0,0
288,0.110169386491179,0.881318798754364,0.3,5,1,1,0.666389340069145,"D",0.110169386491179,0.881318798754364,0,0,0,0,0,0,0,0,0,0,0,0,0,0,0,0,0,0,0,0,0,0,0,0,0,0,0,0,0,0,0,0,0,0,0,0,0,0
289,0.818235357291996,-0.132858908269554,0.3,5,1,1,1.80663739936426,"F",0.818235357291996,-0.132858908269554,0,0,0,0,0,0,0,0,0,0,0,0,0,0,0,0,0,0,0,0,0,0,0,0,0,0,0,0,0,0,0,0,0,0,0,0,0,0
290,-0.0034694354981184,0.24515824066475,0.3,5,1,1,0.457612426485866,"F",-0.0034694354981184,0.24515824066475,0,0,0,0,0,0,0,0,0,0,0,0,0,0,0,0,0,0,0,0,0,0,0,0,0,0,0,0,0,0,0,0,0,0,0,0,0,0
291,0.343087507877499,0.20611096220091,0.3,5,1,1,0.0299243372865021,"C",0.343087507877499,0.20611096220091,0,0,0,0,0,0,0,0,0,0,0,0,0,0,0,0,0,0,0,0,0,0,0,0,0,0,0,0,0,0,0,0,0,0,0,0,0,0
292,-0.229550130199641,-0.634514760691673,0.3,5,1,1,1.88593966513872,"I",-0.229550130199641,-0.634514760691673,0,0,0,0,0,0,0,0,0,0,0,0,0,0,0,0,0,0,0,0,0,0,0,0,0,0,0,0,0,0,0,0,0,0,0,0,0,0
293,-0.672364534810185,-0.596616108436137,0.3,5,1,1,1.42667576950043,"I",-0.672364534810185,-0.596616108436137,0,0,0,0,0,0,0,0,0,0,0,0,0,0,0,0,0,0,0,0,0,0,0,0,0,0,0,0,0,0,0,0,0,0,0,0,0,0
294,-0.193279451690614,0.791656641289592,0.3,5,1,1,0.21335769072175,"H",-0.193279451690614,0.791656641289592,0,0,0,0,0,0,0,0,0,0,0,0,0,0,0,0,0,0,0,0,0,0,0,0,0,0,0,0,0,0,0,0,0,0,0,0,0,0
295,0.830338664818555,0.796237468253821,0.3,5,1,1,1.55718636885285,"A",0.830338664818555,0.796237468253821,0,0,0,0,0,0,0,0,0,0,0,0,0,0,0,0,0,0,0,0,0,0,0,0,0,0,0,0,0,0,0,0,0,0,0,0,0,0
296,-0.529489574488252,-0.819561757612973,0.3,5,1,1,1.97669948451221,"F",-0.529489574488252,-0.819561757612973,0,0,0,0,0,0,0,0,0,0,0,0,0,0,0,0,0,0,0,0,0,0,0,0,0,0,0,0,0,0,0,0,0,0,0,0,0,0
297,0.978662868030369,0.321903096977621,0.3,5,1,1,0.12970234779641,"B",0.978662868030369,0.321903096977621,0,0,0,0,0,0,0,0,0,0,0,0,0,0,0,0,0,0,0,0,0,0,0,0,0,0,0,0,0,0,0,0,0,0,0,0,0,0
298,0.806322049349546,-0.366553847212344,0.3,5,1,1,0.945078674238175,"F",0.806322049349546,-0.366553847212344,0,0,0,0,0,0,0,0,0,0,0,0,0,0,0,0,0,0,0,0,0,0,0,0,0,0,0,0,0,0,0,0,0,0,0,0,0,0
299,0.130206780508161,0.487427989952266,0.3,5,1,1,1.14634501514956,"B",0.130206780508161,0.487427989952266,0,0,0,0,0,0,0,0,0,0,0,0,0,0,0,0,0,0,0,0,0,0,0,0,0,0,0,0,0,0,0,0,0,0,0,0,0,0
300,0.184426525142044,-0.58525831066072,0.3,5,1,1,1.00913807516918,"E",0.184426525142044,-0.58525831066072,0,0,0,0,0,0,0,0,0,0,0,0,0,0,0,0,0,0,0,0,0,0,0,0,0,0,0,0,0,0,0,0,0,0,0,0,0,0
301,0.868617434520274,0.938060319982469,0.3,5,1,1,0.770701680798084,"E",0.868617434520274,0.938060319982469,0,0,0,0,0,0,0,0,0,0,0,0,0,0,0,0,0,0,0,0,0,0,0,0,0,0,0,0,0,0,0,0,0,0,0,0,0,0
302,-0.9469378516078,0.144592732191086,0.3,5,1,1,0.495117851532996,"G",-0.9469378516078,0.144592732191086,0,0,0,0,0,0,0,0,0,0,0,0,0,0,0,0,0,0,0,0,0,0,0,0,0,0,0,0,0,0,0,0,0,0,0,0,0,0
303,0.248495689593256,0.16675617499277,0.3,5,1,1,1.94387227948755,"G",0.248495689593256,0.16675617499277,0,0,0,0,0,0,0,0,0,0,0,0,0,0,0,0,0,0,0,0,0,0,0,0,0,0,0,0,0,0,0,0,0,0,0,0,0,0
304,0.363913920708001,-0.451203352771699,0.3,5,1,1,1.30795935820788,"B",0.363913920708001,-0.451203352771699,0,0,0,0,0,0,0,0,0,0,0,0,0,0,0,0,0,0,0,0,0,0,0,0,0,0,0,0,0,0,0,0,0,0,0,0,0,0
305,-0.0922319474630058,-0.101499613374472,0.3,5,1,1,0.356178626418114,"C",-0.0922319474630058,-0.101499613374472,0,0,0,0,0,0,0,0,0,0,0,0,0,0,0,0,0,0,0,0,0,0,0,0,0,0,0,0,0,0,0,0,0,0,0,0,0,0
306,-0.473508532624692,0.065086571034044,0.3,5,1,1,1.28240860532969,"F",-0.473508532624692,0.065086571034044,0,0,0,0,0,0,0,0,0,0,0,0,0,0,0,0,0,0,0,0,0,0,0,0,0,0,0,0,0,0,0,0,0,0,0,0,0,0
307,-0.27756804227829,-0.798027205746621,0.3,5,1,1,1.7869719741866,"E",-0.27756804227829,-0.798027205746621,0,0,0,0,0,0,0,0,0,0,0,0,0,0,0,0,0,0,0,0,0,0,0,0,0,0,0,0,0,0,0,0,0,0,0,0,0,0
308,0.652804012876004,-0.702154253609478,0.3,5,1,1,1.09484380763024,"I",0.652804012876004,-0.702154253609478,0,0,0,0,0,0,0,0,0,0,0,0,0,0,0,0,0,0,0,0,0,0,0,0,0,0,0,0,0,0,0,0,0,0,0,0,0,0
309,-0.575011283159256,-0.937590761110187,0.3,5,1,1,1.5365747618489,"J",-0.575011283159256,-0.937590761110187,0,0,0,0,0,0,0,0,0,0,0,0,0,0,0,0,0,0,0,0,0,0,0,0,0,0,0,0,0,0,0,0,0,0,0,0,0,0
310,-0.367774515878409,-0.313577933236957,0.3,5,1,1,1.01868259627372,"D",-0.367774515878409,-0.313577933236957,0,0,0,0,0,0,0,0,0,0,0,0,0,0,0,0,0,0,0,0,0,0,0,0,0,0,0,0,0,0,0,0,0,0,0,0,0,0
311,-0.0488593950867653,-0.306642477866262,0.3,5,1,1,1.26411152910441,"C",-0.0488593950867653,-0.306642477866262,0,0,0,0,0,0,0,0,0,0,0,0,0,0,0,0,0,0,0,0,0,0,0,0,0,0,0,0,0,0,0,0,0,0,0,0,0,0
312,0.211788965389132,-0.743080123327672,0.3,5,1,1,0.0704540996812284,"I",0.211788965389132,-0.743080123327672,0,0,0,0,0,0,0,0,0,0,0,0,0,0,0,0,0,0,0,0,0,0,0,0,0,0,0,0,0,0,0,0,0,0,0,0,0,0
313,-0.697379239369184,-0.8920290148817,0.3,5,1,1,0.089191977865994,"H",-0.697379239369184,-0.8920290148817,0,0,0,0,0,0,0,0,0,0,0,0,0,0,0,0,0,0,0,0,0,0,0,0,0,0,0,0,0,0,0,0,0,0,0,0,0,0
314,0.115758214145899,-0.478817169554532,0.3,5,1,1,0.496778598986566,"F",0.115758214145899,-0.478817169554532,0,0,0,0,0,0,0,0,0,0,0,0,0,0,0,0,0,0,0,0,0,0,0,0,0,0,0,0,0,0,0,0,0,0,0,0,0,0
315,-0.10718008549884,0.225988976191729,0.3,5,1,1,0.851178018841892,"J",-0.10718008549884,0.225988976191729,0,0,0,0,0,0,0,0,0,0,0,0,0,0,0,0,0,0,0,0,0,0,0,0,0,0,0,0,0,0,0,0,0,0,0,0,0,0
316,-0.86289770482108,-0.748943358659744,0.3,5,1,1,1.53906170930713,"F",-0.86289770482108,-0.748943358659744,0,0,0,0,0,0,0,0,0,0,0,0,0,0,0,0,0,0,0,0,0,0,0,0,0,0,0,0,0,0,0,0,0,0,0,0,0,0
317,-0.826581523288041,-0.473139079753309,0.3,5,1,1,1.96385950269178,"B",-0.826581523288041,-0.473139079753309,0,0,0,0,0,0,0,0,0,0,0,0,0,0,0,0,0,0,0,0,0,0,0,0,0,0,0,0,0,0,0,0,0,0,0,0,0,0
318,0.00428276089951396,0.936908565927297,0.3,5,1,1,1.9817993636243,"C",0.00428276089951396,0.936908565927297,0,0,0,0,0,0,0,0,0,0,0,0,0,0,0,0,0,0,0,0,0,0,0,0,0,0,0,0,0,0,0,0,0,0,0,0,0,0
319,-0.752648374997079,0.947144628502429,0.3,5,1,1,0.649077693466097,"F",-0.752648374997079,0.947144628502429,0,0,0,0,0,0,0,0,0,0,0,0,0,0,0,0,0,0,0,0,0,0,0,0,0,0,0,0,0,0,0,0,0,0,0,0,0,0
320,0.927129341755062,0.157568416092545,0.3,5,1,1,1.62315547745675,"F",0.927129341755062,0.157568416092545,0,0,0,0,0,0,0,0,0,0,0,0,0,0,0,0,0,0,0,0,0,0,0,0,0,0,0,0,0,0,0,0,0,0,0,0,0,0
321,-0.835458585992455,0.68175659282133,0.3,5,1,1,0.559497782494873,"B",-0.835458585992455,0.68175659282133,0,0,0,0,0,0,0,0,0,0,0,0,0,0,0,0,0,0,0,0,0,0,0,0,0,0,0,0,0,0,0,0,0,0,0,0,0,0
322,-0.646718704141676,-0.189250969793648,0.3,5,1,1,0.764599014539272,"A",-0.646718704141676,-0.189250969793648,0,0,0,0,0,0,0,0,0,0,0,0,0,0,0,0,0,0,0,0,0,0,0,0,0,0,0,0,0,0,0,0,0,0,0,0,0,0
323,0.257632504682988,-0.944076168350875,0.3,5,1,1,0.821442659478635,"F",0.257632504682988,-0.944076168350875,0,0,0,0,0,0,0,0,0,0,0,0,0,0,0,0,0,0,0,0,0,0,0,0,0,0,0,0,0,0,0,0,0,0,0,0,0,0
324,-0.745673747733235,0.330477302893996,0.3,5,1,1,0.857695461716503,"B",-0.745673747733235,0.330477302893996,0,0,0,0,0,0,0,0,0,0,0,0,0,0,0,0,0,0,0,0,0,0,0,0,0,0,0,0,0,0,0,0,0,0,0,0,0,0
325,-0.90940955793485,0.88241777010262,0.3,5,1,1,0.439251926261932,"J",-0.90940955793485,0.88241777010262,0,0,0,0,0,0,0,0,0,0,0,0,0,0,0,0,0,0,0,0,0,0,0,0,0,0,0,0,0,0,0,0,0,0,0,0,0,0
326,0.671990222297609,0.296697644516826,0.3,5,1,1,0.129532862454653,"G",0.671990222297609,0.296697644516826,0,0,0,0,0,0,0,0,0,0,0,0,0,0,0,0,0,0,0,0,0,0,0,0,0,0,0,0,0,0,0,0,0,0,0,0,0,0
327,-0.915418587625027,0.785360959824175,0.3,5,1,1,0.8378323931247,"D",-0.915418587625027,0.785360959824175,0,0,0,0,0,0,0,0,0,0,0,0,0,0,0,0,0,0,0,0,0,0,0,0,0,0,0,0,0,0,0,0,0,0,0,0,0,0
328,0.210813013836741,-0.290076390374452,0.3,5,1,1,1.17866663308814,"C",0.210813013836741,-0.290076390374452,0,0,0,0,0,0,0,0,0,0,0,0,0,0,0,0,0,0,0,0,0,0,0,0,0,0,0,0,0,0,0,0,0,0,0,0,0,0
329,0.666637142654508,0.663440697360784,0.3,5,1,1,0.847063440829515,"B",0.666637142654508,0.663440697360784,0,0,0,0,0,0,0,0,0,0,0,0,0,0,0,0,0,0,0,0,0,0,0,0,0,0,0,0,0,0,0,0,0,0,0,0,0,0
330,-0.964746133424342,0.697735445573926,0.3,5,1,1,0.969380471855402,"F",-0.964746133424342,0.697735445573926,0,0,0,0,0,0,0,0,0,0,0,0,0,0,0,0,0,0,0,0,0,0,0,0,0,0,0,0,0,0,0,0,0,0,0,0,0,0
331,0.18688827380538,0.0501409829594195,0.3,5,1,1,0.449699733871967,"D",0.18688827380538,0.0501409829594195,0,0,0,0,0,0,0,0,0,0,0,0,0,0,0,0,0,0,0,0,0,0,0,0,0,0,0,0,0,0,0,0,0,0,0,0,0,0
332,0.545960974413902,0.82172582950443,0.3,5,1,1,1.91031664889306,"G",0.545960974413902,0.82172582950443,0,0,0,0,0,0,0,0,0,0,0,0,0,0,0,0,0,0,0,0,0,0,0,0,0,0,0,0,0,0,0,0,0,0,0,0,0,0
333,0.231089350301772,-0.144066877663136,0.3,5,1,1,0.0110084307380021,"C",0.231089350301772,-0.144066877663136,0,0,0,0,0,0,0,0,0,0,0,0,0,0,0,0,0,0,0,0,0,0,0,0,0,0,0,0,0,0,0,0,0,0,0,0,0,0
334,-0.3897909601219,-0.707193644717336,0.3,5,1,1,0.979722371790558,"B",-0.3897909601219,-0.707193644717336,0,0,0,0,0,0,0,0,0,0,0,0,0,0,0,0,0,0,0,0,0,0,0,0,0,0,0,0,0,0,0,0,0,0,0,0,0,0
335,0.138673587702215,0.557565023191273,0.3,5,1,1,0.606314015109092,"J",0.138673587702215,0.557565023191273,0,0,0,0,0,0,0,0,0,0,0,0,0,0,0,0,0,0,0,0,0,0,0,0,0,0,0,0,0,0,0,0,0,0,0,0,0,0
336,-0.0133326658979058,0.20564472489059,0.3,5,1,1,0.0593448365107179,"I",-0.0133326658979058,0.20564472489059,0,0,0,0,0,0,0,0,0,0,0,0,0,0,0,0,0,0,0,0,0,0,0,0,0,0,0,0,0,0,0,0,0,0,0,0,0,0
337,0.490457422100008,0.660964314825833,0.3,5,1,1,0.147706742864102,"A",0.490457422100008,0.660964314825833,0,0,0,0,0,0,0,0,0,0,0,0,0,0,0,0,0,0,0,0,0,0,0,0,0,0,0,0,0,0,0,0,0,0,0,0,0,0
338,0.44634513463825,-0.0545483664609492,0.3,5,1,1,1.83896608231589,"C",0.44634513463825,-0.0545483664609492,0,0,0,0,0,0,0,0,0,0,0,0,0,0,0,0,0,0,0,0,0,0,0,0,0,0,0,0,0,0,0,0,0,0,0,0,0,0
339,-0.706416668370366,-0.28933027992025,0.3,5,1,1,1.51093258475885,"D",-0.706416668370366,-0.28933027992025,0,0,0,0,0,0,0,0,0,0,0,0,0,0,0,0,0,0,0,0,0,0,0,0,0,0,0,0,0,0,0,0,0,0,0,0,0,0
340,-0.377003928180784,0.116756689734757,0.3,5,1,1,0.458937044721097,"A",-0.377003928180784,0.116756689734757,0,0,0,0,0,0,0,0,0,0,0,0,0,0,0,0,0,0,0,0,0,0,0,0,0,0,0,0,0,0,0,0,0,0,0,0,0,0
341,-0.791238703299314,-0.0258672526106238,0.3,5,1,1,1.81097353529185,"F",-0.791238703299314,-0.0258672526106238,0,0,0,0,0,0,0,0,0,0,0,0,0,0,0,0,0,0,0,0,0,0,0,0,0,0,0,0,0,0,0,0,0,0,0,0,0,0
342,-0.371273328084499,-0.00669154478237033,0.3,5,1,1,0.363940163049847,"E",-0.371273328084499,-0.00669154478237033,0,0,0,0,0,0,0,0,0,0,0,0,0,0,0,0,0,0,0,0,0,0,0,0,0,0,0,0,0,0,0,0,0,0,0,0,0,0
343,0.214564443565905,-0.266804400831461,0.3,5,1,1,0.374275278300047,"C",0.214564443565905,-0.266804400831461,0,0,0,0,0,0,0,0,0,0,0,0,0,0,0,0,0,0,0,0,0,0,0,0,0,0,0,0,0,0,0,0,0,0,0,0,0,0
344,0.887826198711991,-0.159901710227132,0.3,5,1,1,0.565115054138005,"C",0.887826198711991,-0.159901710227132,0,0,0,0,0,0,0,0,0,0,0,0,0,0,0,0,0,0,0,0,0,0,0,0,0,0,0,0,0,0,0,0,0,0,0,0,0,0
345,-0.989231494255364,0.847300000023097,0.3,5,1,1,0.112178437877446,"H",-0.989231494255364,0.847300000023097,0,0,0,0,0,0,0,0,0,0,0,0,0,0,0,0,0,0,0,0,0,0,0,0,0,0,0,0,0,0,0,0,0,0,0,0,0,0
346,-0.572176889982074,-0.464496720582247,0.3,5,1,1,1.86638174299151,"F",-0.572176889982074,-0.464496720582247,0,0,0,0,0,0,0,0,0,0,0,0,0,0,0,0,0,0,0,0,0,0,0,0,0,0,0,0,0,0,0,0,0,0,0,0,0,0
347,-0.663163387682289,-0.262796033639461,0.3,5,1,1,0.803555997088552,"H",-0.663163387682289,-0.262796033639461,0,0,0,0,0,0,0,0,0,0,0,0,0,0,0,0,0,0,0,0,0,0,0,0,0,0,0,0,0,0,0,0,0,0,0,0,0,0
348,0.199210331309587,0.0309773869812489,0.3,5,1,1,0.174859959166497,"E",0.199210331309587,0.0309773869812489,0,0,0,0,0,0,0,0,0,0,0,0,0,0,0,0,0,0,0,0,0,0,0,0,0,0,0,0,0,0,0,0,0,0,0,0,0,0
349,0.79487653169781,-0.151886596810073,0.3,5,1,1,1.78604390239343,"C",0.79487653169781,-0.151886596810073,0,0,0,0,0,0,0,0,0,0,0,0,0,0,0,0,0,0,0,0,0,0,0,0,0,0,0,0,0,0,0,0,0,0,0,0,0,0
350,0.131332175340503,-0.905467316508293,0.3,5,1,1,0.204891149420291,"H",0.131332175340503,-0.905467316508293,0,0,0,0,0,0,0,0,0,0,0,0,0,0,0,0,0,0,0,0,0,0,0,0,0,0,0,0,0,0,0,0,0,0,0,0,0,0
351,0.853240999393165,-0.12879264773801,0.3,5,1,1,1.76473484607413,"F",0.853240999393165,-0.12879264773801,0,0,0,0,0,0,0,0,0,0,0,0,0,0,0,0,0,0,0,0,0,0,0,0,0,0,0,0,0,0,0,0,0,0,0,0,0,0
352,-0.53571778582409,-0.466905437875539,0.3,5,1,1,0.617505063768476,"C",-0.53571778582409,-0.466905437875539,0,0,0,0,0,0,0,0,0,0,0,0,0,0,0,0,0,0,0,0,0,0,0,0,0,0,0,0,0,0,0,0,0,0,0,0,0,0
353,0.88153925165534,-0.851288211531937,0.3,5,1,1,0.424538869410753,"G",0.88153925165534,-0.851288211531937,0,0,0,0,0,0,0,0,0,0,0,0,0,0,0,0,0,0,0,0,0,0,0,0,0,0,0,0,0,0,0,0,0,0,0,0,0,0
354,0.856858925428241,-0.487063593231142,0.3,5,1,1,1.36126329330727,"H",0.856858925428241,-0.487063593231142,0,0,0,0,0,0,0,0,0,0,0,0,0,0,0,0,0,0,0,0,0,0,0,0,0,0,0,0,0,0,0,0,0,0,0,0,0,0
355,0.940279697533697,-0.158860758412629,0.3,5,1,1,0.963004644960165,"F",0.940279697533697,-0.158860758412629,0,0,0,0,0,0,0,0,0,0,0,0,0,0,0,0,0,0,0,0,0,0,0,0,0,0,0,0,0,0,0,0,0,0,0,0,0,0
356,0.110375834163278,-0.293755747377872,0.3,5,1,1,0.756303744390607,"G",0.110375834163278,-0.293755747377872,0,0,0,0,0,0,0,0,0,0,0,0,0,0,0,0,0,0,0,0,0,0,0,0,0,0,0,0,0,0,0,0,0,0,0,0,0,0
357,-0.548613555263728,0.0528544993139803,0.3,5,1,1,0.222879023291171,"G",-0.548613555263728,0.0528544993139803,0,0,0,0,0,0,0,0,0,0,0,0,0,0,0,0,0,0,0,0,0,0,0,0,0,0,0,0,0,0,0,0,0,0,0,0,0,0
358,-0.0938639240339398,0.287336758803576,0.3,5,1,1,1.22515039332211,"E",-0.0938639240339398,0.287336758803576,0,0,0,0,0,0,0,0,0,0,0,0,0,0,0,0,0,0,0,0,0,0,0,0,0,0,0,0,0,0,0,0,0,0,0,0,0,0
359,0.590338277164847,0.429067431483418,0.3,5,1,1,0.907100181560963,"A",0.590338277164847,0.429067431483418,0,0,0,0,0,0,0,0,0,0,0,0,0,0,0,0,0,0,0,0,0,0,0,0,0,0,0,0,0,0,0,0,0,0,0,0,0,0
360,0.13283772720024,0.164220825769007,0.3,5,1,1,0.985400524456054,"J",0.13283772720024,0.164220825769007,0,0,0,0,0,0,0,0,0,0,0,0,0,0,0,0,0,0,0,0,0,0,0,0,0,0,0,0,0,0,0,0,0,0,0,0,0,0
361,0.526923250872642,0.374814453069121,0.3,5,1,1,1.31882855948061,"B",0.526923250872642,0.374814453069121,0,0,0,0,0,0,0,0,0,0,0,0,0,0,0,0,0,0,0,0,0,0,0,0,0,0,0,0,0,0,0,0,0,0,0,0,0,0
362,-0.879879688844085,0.363048820290715,0.3,5,1,1,1.26986481016502,"D",-0.879879688844085,0.363048820290715,0,0,0,0,0,0,0,0,0,0,0,0,0,0,0,0,0,0,0,0,0,0,0,0,0,0,0,0,0,0,0,0,0,0,0,0,0,0
363,0.911709281615913,-0.305011502001435,0.3,5,1,1,0.975098109338433,"A",0.911709281615913,-0.305011502001435,0,0,0,0,0,0,0,0,0,0,0,0,0,0,0,0,0,0,0,0,0,0,0,0,0,0,0,0,0,0,0,0,0,0,0,0,0,0
364,-0.372851911000907,-0.139888399280608,0.3,5,1,1,1.06555795995519,"G",-0.372851911000907,-0.139888399280608,0,0,0,0,0,0,0,0,0,0,0,0,0,0,0,0,0,0,0,0,0,0,0,0,0,0,0,0,0,0,0,0,0,0,0,0,0,0
365,0.914565281011164,0.130870273336768,0.3,5,1,1,1.45526169426739,"E",0.914565281011164,0.130870273336768,0,0,0,0,0,0,0,0,0,0,0,0,0,0,0,0,0,0,0,0,0,0,0,0,0,0,0,0,0,0,0,0,0,0,0,0,0,0
366,-0.632372149731964,-0.745926497969776,0.3,5,1,1,0.463913164101541,"B",-0.632372149731964,-0.745926497969776,0,0,0,0,0,0,0,0,0,0,0,0,0,0,0,0,0,0,0,0,0,0,0,0,0,0,0,0,0,0,0,0,0,0,0,0,0,0
367,-0.18094755616039,-0.105427367147058,0.3,5,1,1,1.6790309115313,"A",-0.18094755616039,-0.105427367147058,0,0,0,0,0,0,0,0,0,0,0,0,0,0,0,0,0,0,0,0,0,0,0,0,0,0,0,0,0,0,0,0,0,0,0,0,0,0
368,0.711058865301311,0.590966159943491,0.3,5,1,1,0.90644892398268,"J",0.711058865301311,0.590966159943491,0,0,0,0,0,0,0,0,0,0,0,0,0,0,0,0,0,0,0,0,0,0,0,0,0,0,0,0,0,0,0,0,0,0,0,0,0,0
369,-0.857754965312779,0.208388677798212,0.3,5,1,1,1.50096278777346,"C",-0.857754965312779,0.208388677798212,0,0,0,0,0,0,0,0,0,0,0,0,0,0,0,0,0,0,0,0,0,0,0,0,0,0,0,0,0,0,0,0,0,0,0,0,0,0
370,0.899911586660892,-0.63397972099483,0.3,5,1,1,0.298553258180618,"H",0.899911586660892,-0.63397972099483,0,0,0,0,0,0,0,0,0,0,0,0,0,0,0,0,0,0,0,0,0,0,0,0,0,0,0,0,0,0,0,0,0,0,0,0,0,0
371,-0.489475010428578,0.707026260439306,0.3,5,1,1,0.424779095221311,"D",-0.489475010428578,0.707026260439306,0,0,0,0,0,0,0,0,0,0,0,0,0,0,0,0,0,0,0,0,0,0,0,0,0,0,0,0,0,0,0,0,0,0,0,0,0,0
372,0.347160161007196,-0.272180418483913,0.3,5,1,1,0.42719766125083,"I",0.347160161007196,-0.272180418483913,0,0,0,0,0,0,0,0,0,0,0,0,0,0,0,0,0,0,0,0,0,0,0,0,0,0,0,0,0,0,0,0,0,0,0,0,0,0
373,0.423655526712537,0.586910460609943,0.3,5,1,1,0.16313677886501,"F",0.423655526712537,0.586910460609943,0,0,0,0,0,0,0,0,0,0,0,0,0,0,0,0,0,0,0,0,0,0,0,0,0,0,0,0,0,0,0,0,0,0,0,0,0,0
374,-0.743881524074823,-0.199483634904027,0.3,5,1,1,0.316393392626196,"H",-0.743881524074823,-0.199483634904027,0,0,0,0,0,0,0,0,0,0,0,0,0,0,0,0,0,0,0,0,0,0,0,0,0,0,0,0,0,0,0,0,0,0,0,0,0,0
375,-0.436989580281079,-0.391196561045945,0.3,5,1,1,1.55636682920158,"F",-0.436989580281079,-0.391196561045945,0,0,0,0,0,0,0,0,0,0,0,0,0,0,0,0,0,0,0,0,0,0,0,0,0,0,0,0,0,0,0,0,0,0,0,0,0,0
376,0.227253888733685,0.00255598081275821,0.3,5,1,1,1.03751195641235,"F",0.227253888733685,0.00255598081275821,0,0,0,0,0,0,0,0,0,0,0,0,0,0,0,0,0,0,0,0,0,0,0,0,0,0,0,0,0,0,0,0,0,0,0,0,0,0
377,0.695356214884669,-0.860887025017291,0.3,5,1,1,1.66941294120625,"F",0.695356214884669,-0.860887025017291,0,0,0,0,0,0,0,0,0,0,0,0,0,0,0,0,0,0,0,0,0,0,0,0,0,0,0,0,0,0,0,0,0,0,0,0,0,0
378,-0.361642797477543,-0.665093338582665,0.3,5,1,1,0.979839956387877,"E",-0.361642797477543,-0.665093338582665,0,0,0,0,0,0,0,0,0,0,0,0,0,0,0,0,0,0,0,0,0,0,0,0,0,0,0,0,0,0,0,0,0,0,0,0,0,0
379,-0.602343884296715,0.713033370673656,0.3,5,1,1,0.543903018347919,"I",-0.602343884296715,0.713033370673656,0,0,0,0,0,0,0,0,0,0,0,0,0,0,0,0,0,0,0,0,0,0,0,0,0,0,0,0,0,0,0,0,0,0,0,0,0,0
380,-0.163941981736571,0.398276853840798,0.3,5,1,1,0.403766735922545,"D",-0.163941981736571,0.398276853840798,0,0,0,0,0,0,0,0,0,0,0,0,0,0,0,0,0,0,0,0,0,0,0,0,0,0,0,0,0,0,0,0,0,0,0,0,0,0
381,0.686897108331323,-0.964724140241742,0.3,5,1,1,1.9497672743164,"F",0.686897108331323,-0.964724140241742,0,0,0,0,0,0,0,0,0,0,0,0,0,0,0,0,0,0,0,0,0,0,0,0,0,0,0,0,0,0,0,0,0,0,0,0,0,0
382,-0.911751069128513,-0.245306319091469,0.3,5,1,1,1.36736520566046,"C",-0.911751069128513,-0.245306319091469,0,0,0,0,0,0,0,0,0,0,0,0,0,0,0,0,0,0,0,0,0,0,0,0,0,0,0,0,0,0,0,0,0,0,0,0,0,0
383,0.19545117020607,0.491979118436575,0.3,5,1,1,0.577170070726424,"F",0.19545117020607,0.491979118436575,0,0,0,0,0,0,0,0,0,0,0,0,0,0,0,0,0,0,0,0,0,0,0,0,0,0,0,0,0,0,0,0,0,0,0,0,0,0
384,0.482947043143213,0.755486882291734,0.3,5,1,1,1.89804669143632,"F",0.482947043143213,0.755486882291734,0,0,0,0,0,0,0,0,0,0,0,0,0,0,0,0,0,0,0,0,0,0,0,0,0,0,0,0,0,0,0,0,0,0,0,0,0,0
385,0.57015843456611,0.0414062850177288,0.3,5,1,1,0.109262601938099,"H",0.57015843456611,0.0414062850177288,0,0,0,0,0,0,0,0,0,0,0,0,0,0,0,0,0,0,0,0,0,0,0,0,0,0,0,0,0,0,0,0,0,0,0,0,0,0
386,-0.213756829500198,0.389803030993789,0.3,5,1,1,0.529271273408085,"C",-0.213756829500198,0.389803030993789,0,0,0,0,0,0,0,0,0,0,0,0,0,0,0,0,0,0,0,0,0,0,0,0,0,0,0,0,0,0,0,0,0,0,0,0,0,0
387,-0.116370378993452,-0.329158902633935,0.3,5,1,1,0.410455443430692,"E",-0.116370378993452,-0.329158902633935,0,0,0,0,0,0,0,0,0,0,0,0,0,0,0,0,0,0,0,0,0,0,0,0,0,0,0,0,0,0,0,0,0,0,0,0,0,0
388,-0.425048110075295,0.817751672584563,0.3,5,1,1,1.67621358158067,"H",-0.425048110075295,0.817751672584563,0,0,0,0,0,0,0,0,0,0,0,0,0,0,0,0,0,0,0,0,0,0,0,0,0,0,0,0,0,0,0,0,0,0,0,0,0,0
389,-0.170669616665691,0.139832114800811,0.3,5,1,1,0.78296458767727,"C",-0.170669616665691,0.139832114800811,0,0,0,0,0,0,0,0,0,0,0,0,0,0,0,0,0,0,0,0,0,0,0,0,0,0,0,0,0,0,0,0,0,0,0,0,0,0
390,-0.58810513978824,-0.31806949339807,0.3,5,1,1,1.57000958593562,"H",-0.58810513978824,-0.31806949339807,0,0,0,0,0,0,0,0,0,0,0,0,0,0,0,0,0,0,0,0,0,0,0,0,0,0,0,0,0,0,0,0,0,0,0,0,0,0
391,-0.611981666646898,0.644026190042496,0.3,5,1,1,0.513404673431069,"F",-0.611981666646898,0.644026190042496,0,0,0,0,0,0,0,0,0,0,0,0,0,0,0,0,0,0,0,0,0,0,0,0,0,0,0,0,0,0,0,0,0,0,0,0,0,0
392,-0.828286620322615,-0.717655072454363,0.3,5,1,1,0.0841830931603909,"G",-0.828286620322615,-0.717655072454363,0,0,0,0,0,0,0,0,0,0,0,0,0,0,0,0,0,0,0,0,0,0,0,0,0,0,0,0,0,0,0,0,0,0,0,0,0,0
393,-0.991034233476967,-0.0754673313349485,0.3,5,1,1,1.79536077287048,"A",-0.991034233476967,-0.0754673313349485,0,0,0,0,0,0,0,0,0,0,0,0,0,0,0,0,0,0,0,0,0,0,0,0,0,0,0,0,0,0,0,0,0,0,0,0,0,0
394,0.775584355928004,-0.940365785732865,0.3,5,1,1,1.20862835971639,"I",0.775584355928004,-0.940365785732865,0,0,0,0,0,0,0,0,0,0,0,0,0,0,0,0,0,0,0,0,0,0,0,0,0,0,0,0,0,0,0,0,0,0,0,0,0,0
395,0.525394033640623,0.911357920151204,0.3,5,1,1,0.609152682125568,"E",0.525394033640623,0.911357920151204,0,0,0,0,0,0,0,0,0,0,0,0,0,0,0,0,0,0,0,0,0,0,0,0,0,0,0,0,0,0,0,0,0,0,0,0,0,0
396,0.565938222687691,0.810133168939501,0.3,5,1,1,1.1678550732322,"J",0.565938222687691,0.810133168939501,0,0,0,0,0,0,0,0,0,0,0,0,0,0,0,0,0,0,0,0,0,0,0,0,0,0,0,0,0,0,0,0,0,0,0,0,0,0
397,-0.471656305715442,-0.278850933536887,0.3,5,1,1,0.900589026976377,"C",-0.471656305715442,-0.278850933536887,0,0,0,0,0,0,0,0,0,0,0,0,0,0,0,0,0,0,0,0,0,0,0,0,0,0,0,0,0,0,0,0,0,0,0,0,0,0
398,-0.887085612863302,0.101250292733312,0.3,5,1,1,1.66981891263276,"B",-0.887085612863302,0.101250292733312,0,0,0,0,0,0,0,0,0,0,0,0,0,0,0,0,0,0,0,0,0,0,0,0,0,0,0,0,0,0,0,0,0,0,0,0,0,0
399,-0.617620614357293,-0.682303500827402,0.3,5,1,1,0.515266779344529,"C",-0.617620614357293,-0.682303500827402,0,0,0,0,0,0,0,0,0,0,0,0,0,0,0,0,0,0,0,0,0,0,0,0,0,0,0,0,0,0,0,0,0,0,0,0,0,0
400,-0.369331357069314,0.166532814968377,0.3,5,1,1,1.69090541545302,"G",-0.369331357069314,0.166532814968377,0,0,0,0,0,0,0,0,0,0,0,0,0,0,0,0,0,0,0,0,0,0,0,0,0,0,0,0,0,0,0,0,0,0,0,0,0,0
401,0.918478266336024,0.824077755212784,0.3,5,1,1,1.03293311363086,"G",0.918478266336024,0.824077755212784,0,0,0,0,0,0,0,0,0,0,0,0,0,0,0,0,0,0,0,0,0,0,0,0,0,0,0,0,0,0,0,0,0,0,0,0,0,0
402,0.642448626924306,-0.379272822290659,0.3,5,1,1,0.00376854091882706,"G",0.642448626924306,-0.379272822290659,0,0,0,0,0,0,0,0,0,0,0,0,0,0,0,0,0,0,0,0,0,0,0,0,0,0,0,0,0,0,0,0,0,0,0,0,0,0
403,-0.935726345982403,0.404903256800026,0.3,5,1,1,0.523241973016411,"B",-0.935726345982403,0.404903256800026,0,0,0,0,0,0,0,0,0,0,0,0,0,0,0,0,0,0,0,0,0,0,0,0,0,0,0,0,0,0,0,0,0,0,0,0,0,0
404,-0.352779493201524,-0.733879939652979,0.3,5,1,1,1.14018472004682,"H",-0.352779493201524,-0.733879939652979,0,0,0,0,0,0,0,0,0,0,0,0,0,0,0,0,0,0,0,0,0,0,0,0,0,0,0,0,0,0,0,0,0,0,0,0,0,0
405,0.655222238507122,0.831502678338438,0.3,5,1,1,0.765793884638697,"H",0.655222238507122,0.831502678338438,0,0,0,0,0,0,0,0,0,0,0,0,0,0,0,0,0,0,0,0,0,0,0,0,0,0,0,0,0,0,0,0,0,0,0,0,0,0
406,-0.42326155025512,-0.200276855379343,0.3,5,1,1,0.892995995469391,"D",-0.42326155025512,-0.200276855379343,0,0,0,0,0,0,0,0,0,0,0,0,0,0,0,0,0,0,0,0,0,0,0,0,0,0,0,0,0,0,0,0,0,0,0,0,0,0
407,-0.371020281221718,-0.53273502131924,0.3,5,1,1,0.301166846416891,"F",-0.371020281221718,-0.53273502131924,0,0,0,0,0,0,0,0,0,0,0,0,0,0,0,0,0,0,0,0,0,0,0,0,0,0,0,0,0,0,0,0,0,0,0,0,0,0
408,0.377563796937466,-0.665556243620813,0.3,5,1,1,0.949633311945945,"G",0.377563796937466,-0.665556243620813,0,0,0,0,0,0,0,0,0,0,0,0,0,0,0,0,0,0,0,0,0,0,0,0,0,0,0,0,0,0,0,0,0,0,0,0,0,0
409,-0.289530002512038,0.44907446578145,0.3,5,1,1,1.62933751475066,"D",-0.289530002512038,0.44907446578145,0,0,0,0,0,0,0,0,0,0,0,0,0,0,0,0,0,0,0,0,0,0,0,0,0,0,0,0,0,0,0,0,0,0,0,0,0,0
410,-0.271306825336069,0.495919110253453,0.3,5,1,1,1.02426171442494,"I",-0.271306825336069,0.495919110253453,0,0,0,0,0,0,0,0,0,0,0,0,0,0,0,0,0,0,0,0,0,0,0,0,0,0,0,0,0,0,0,0,0,0,0,0,0,0
411,0.801913073752075,-0.281813047360629,0.3,5,1,1,0.0978912534192204,"J",0.801913073752075,-0.281813047360629,0,0,0,0,0,0,0,0,0,0,0,0,0,0,0,0,0,0,0,0,0,0,0,0,0,0,0,0,0,0,0,0,0,0,0,0,0,0
412,-0.605270344298333,-0.0511793508194387,0.3,5,1,1,1.53654572973028,"G",-0.605270344298333,-0.0511793508194387,0,0,0,0,0,0,0,0,0,0,0,0,0,0,0,0,0,0,0,0,0,0,0,0,0,0,0,0,0,0,0,0,0,0,0,0,0,0
413,0.30444076936692,-0.103688510134816,0.3,5,1,1,0.344042284879833,"H",0.30444076936692,-0.103688510134816,0,0,0,0,0,0,0,0,0,0,0,0,0,0,0,0,0,0,0,0,0,0,0,0,0,0,0,0,0,0,0,0,0,0,0,0,0,0
414,-0.631373647600412,-0.934715511277318,0.3,5,1,1,1.91886259894818,"D",-0.631373647600412,-0.934715511277318,0,0,0,0,0,0,0,0,0,0,0,0,0,0,0,0,0,0,0,0,0,0,0,0,0,0,0,0,0,0,0,0,0,0,0,0,0,0
415,-0.822898061946034,-0.49478047946468,0.3,5,1,1,0.946948731783777,"B",-0.822898061946034,-0.49478047946468,0,0,0,0,0,0,0,0,0,0,0,0,0,0,0,0,0,0,0,0,0,0,0,0,0,0,0,0,0,0,0,0,0,0,0,0,0,0
416,-0.878183841239661,0.816858830861747,0.3,5,1,1,1.40092744585127,"B",-0.878183841239661,0.816858830861747,0,0,0,0,0,0,0,0,0,0,0,0,0,0,0,0,0,0,0,0,0,0,0,0,0,0,0,0,0,0,0,0,0,0,0,0,0,0
417,-0.616987322457135,0.0894348556175828,0.3,5,1,1,1.44044965179637,"G",-0.616987322457135,0.0894348556175828,0,0,0,0,0,0,0,0,0,0,0,0,0,0,0,0,0,0,0,0,0,0,0,0,0,0,0,0,0,0,0,0,0,0,0,0,0,0
418,-0.278754686005414,-0.617044119164348,0.3,5,1,1,1.59773546876386,"H",-0.278754686005414,-0.617044119164348,0,0,0,0,0,0,0,0,0,0,0,0,0,0,0,0,0,0,0,0,0,0,0,0,0,0,0,0,0,0,0,0,0,0,0,0,0,0
419,-0.971744287759066,0.423995722550899,0.3,5,1,1,1.86074721859768,"G",-0.971744287759066,0.423995722550899,0,0,0,0,0,0,0,0,0,0,0,0,0,0,0,0,0,0,0,0,0,0,0,0,0,0,0,0,0,0,0,0,0,0,0,0,0,0
420,0.712460980284959,-0.137585954274982,0.3,5,1,1,1.75868892623112,"F",0.712460980284959,-0.137585954274982,0,0,0,0,0,0,0,0,0,0,0,0,0,0,0,0,0,0,0,0,0,0,0,0,0,0,0,0,0,0,0,0,0,0,0,0,0,0
421,0.398284216877073,0.278688604477793,0.3,5,1,1,0.462368421722203,"C",0.398284216877073,0.278688604477793,0,0,0,0,0,0,0,0,0,0,0,0,0,0,0,0,0,0,0,0,0,0,0,0,0,0,0,0,0,0,0,0,0,0,0,0,0,0
422,0.228452107869089,0.0735168722458184,0.3,5,1,1,1.02755918027833,"J",0.228452107869089,0.0735168722458184,0,0,0,0,0,0,0,0,0,0,0,0,0,0,0,0,0,0,0,0,0,0,0,0,0,0,0,0,0,0,0,0,0,0,0,0,0,0
423,0.235570088494569,-0.497676607687026,0.3,5,1,1,0.724037962034345,"I",0.235570088494569,-0.497676607687026,0,0,0,0,0,0,0,0,0,0,0,0,0,0,0,0,0,0,0,0,0,0,0,0,0,0,0,0,0,0,0,0,0,0,0,0,0,0
424,-0.21372940717265,0.790632883552462,0.3,5,1,1,1.05316261481494,"H",-0.21372940717265,0.790632883552462,0,0,0,0,0,0,0,0,0,0,0,0,0,0,0,0,0,0,0,0,0,0,0,0,0,0,0,0,0,0,0,0,0,0,0,0,0,0
425,-0.981821782421321,-0.445178921334445,0.3,5,1,1,1.98608725937083,"J",-0.981821782421321,-0.445178921334445,0,0,0,0,0,0,0,0,0,0,0,0,0,0,0,0,0,0,0,0,0,0,0,0,0,0,0,0,0,0,0,0,0,0,0,0,0,0
426,-0.916702501941472,-0.843107151798904,0.3,5,1,1,0.194810384884477,"D",-0.916702501941472,-0.843107151798904,0,0,0,0,0,0,0,0,0,0,0,0,0,0,0,0,0,0,0,0,0,0,0,0,0,0,0,0,0,0,0,0,0,0,0,0,0,0
427,-0.931656415108591,0.46899802191183,0.3,5,1,1,0.329766907263547,"F",-0.931656415108591,0.46899802191183,0,0,0,0,0,0,0,0,0,0,0,0,0,0,0,0,0,0,0,0,0,0,0,0,0,0,0,0,0,0,0,0,0,0,0,0,0,0
428,0.666453458368778,0.127123739104718,0.3,5,1,1,1.91901629418135,"B",0.666453458368778,0.127123739104718,0,0,0,0,0,0,0,0,0,0,0,0,0,0,0,0,0,0,0,0,0,0,0,0,0,0,0,0,0,0,0,0,0,0,0,0,0,0
429,0.403090706560761,-0.517969300039113,0.3,5,1,1,1.75664467317984,"G",0.403090706560761,-0.517969300039113,0,0,0,0,0,0,0,0,0,0,0,0,0,0,0,0,0,0,0,0,0,0,0,0,0,0,0,0,0,0,0,0,0,0,0,0,0,0
430,-0.943720609880984,0.305357288569212,0.3,5,1,1,1.96610798127949,"J",-0.943720609880984,0.305357288569212,0,0,0,0,0,0,0,0,0,0,0,0,0,0,0,0,0,0,0,0,0,0,0,0,0,0,0,0,0,0,0,0,0,0,0,0,0,0
431,0.630256508011371,0.136073849163949,0.3,5,1,1,1.81047278782353,"H",0.630256508011371,0.136073849163949,0,0,0,0,0,0,0,0,0,0,0,0,0,0,0,0,0,0,0,0,0,0,0,0,0,0,0,0,0,0,0,0,0,0,0,0,0,0
432,0.67971283197403,-0.530034036841244,0.3,5,1,1,0.193188400007784,"B",0.67971283197403,-0.530034036841244,0,0,0,0,0,0,0,0,0,0,0,0,0,0,0,0,0,0,0,0,0,0,0,0,0,0,0,0,0,0,0,0,0,0,0,0,0,0
433,-0.078621590975672,-0.257492407690734,0.3,5,1,1,0.0626708655618131,"I",-0.078621590975672,-0.257492407690734,0,0,0,0,0,0,0,0,0,0,0,0,0,0,0,0,0,0,0,0,0,0,0,0,0,0,0,0,0,0,0,0,0,0,0,0,0,0
434,0.311164208222181,-0.586035561747849,0.3,5,1,1,1.11264201113954,"C",0.311164208222181,-0.586035561747849,0,0,0,0,0,0,0,0,0,0,0,0,0,0,0,0,0,0,0,0,0,0,0,0,0,0,0,0,0,0,0,0,0,0,0,0,0,0
435,-0.442992487922311,0.78597400104627,0.3,5,1,1,1.72806475497782,"I",-0.442992487922311,0.78597400104627,0,0,0,0,0,0,0,0,0,0,0,0,0,0,0,0,0,0,0,0,0,0,0,0,0,0,0,0,0,0,0,0,0,0,0,0,0,0
436,0.707779233343899,-0.672903325408697,0.3,5,1,1,0.881783797871321,"A",0.707779233343899,-0.672903325408697,0,0,0,0,0,0,0,0,0,0,0,0,0,0,0,0,0,0,0,0,0,0,0,0,0,0,0,0,0,0,0,0,0,0,0,0,0,0
437,0.689460833091289,0.979978644754738,0.3,5,1,1,1.98073824588209,"D",0.689460833091289,0.979978644754738,0,0,0,0,0,0,0,0,0,0,0,0,0,0,0,0,0,0,0,0,0,0,0,0,0,0,0,0,0,0,0,0,0,0,0,0,0,0
438,0.775647399481386,0.356114043388516,0.3,5,1,1,1.31052842317149,"D",0.775647399481386,0.356114043388516,0,0,0,0,0,0,0,0,0,0,0,0,0,0,0,0,0,0,0,0,0,0,0,0,0,0,0,0,0,0,0,0,0,0,0,0,0,0
439,0.162311961874366,-0.273934948258102,0.3,5,1,1,0.393150182906538,"E",0.162311961874366,-0.273934948258102,0,0,0,0,0,0,0,0,0,0,0,0,0,0,0,0,0,0,0,0,0,0,0,0,0,0,0,0,0,0,0,0,0,0,0,0,0,0
440,0.728570751845837,-0.836609348189086,0.3,5,1,1,1.38335454789922,"A",0.728570751845837,-0.836609348189086,0,0,0,0,0,0,0,0,0,0,0,0,0,0,0,0,0,0,0,0,0,0,0,0,0,0,0,0,0,0,0,0,0,0,0,0,0,0
441,0.288160019554198,-0.995791486930102,0.3,5,1,1,0.279183385893703,"G",0.288160019554198,-0.995791486930102,0,0,0,0,0,0,0,0,0,0,0,0,0,0,0,0,0,0,0,0,0,0,0,0,0,0,0,0,0,0,0,0,0,0,0,0,0,0
442,0.404695519711822,0.303988477680832,0.3,5,1,1,0.933875547721982,"G",0.404695519711822,0.303988477680832,0,0,0,0,0,0,0,0,0,0,0,0,0,0,0,0,0,0,0,0,0,0,0,0,0,0,0,0,0,0,0,0,0,0,0,0,0,0
443,-0.454761179164052,-0.31835805112496,0.3,5,1,1,1.21274066716433,"B",-0.454761179164052,-0.31835805112496,0,0,0,0,0,0,0,0,0,0,0,0,0,0,0,0,0,0,0,0,0,0,0,0,0,0,0,0,0,0,0,0,0,0,0,0,0,0
444,0.201848118565977,-0.348891088739038,0.3,5,1,1,0.252369937021285,"G",0.201848118565977,-0.348891088739038,0,0,0,0,0,0,0,0,0,0,0,0,0,0,0,0,0,0,0,0,0,0,0,0,0,0,0,0,0,0,0,0,0,0,0,0,0,0
445,-0.56005622819066,0.159570096060634,0.3,5,1,1,0.633175473660231,"H",-0.56005622819066,0.159570096060634,0,0,0,0,0,0,0,0,0,0,0,0,0,0,0,0,0,0,0,0,0,0,0,0,0,0,0,0,0,0,0,0,0,0,0,0,0,0
446,0.435934320092201,-0.832020800560713,0.3,5,1,1,1.84495218843222,"B",0.435934320092201,-0.832020800560713,0,0,0,0,0,0,0,0,0,0,0,0,0,0,0,0,0,0,0,0,0,0,0,0,0,0,0,0,0,0,0,0,0,0,0,0,0,0
447,0.067687772680074,-0.0659173377789557,0.3,5,1,1,0.0810051807202399,"F",0.067687772680074,-0.0659173377789557,0,0,0,0,0,0,0,0,0,0,0,0,0,0,0,0,0,0,0,0,0,0,0,0,0,0,0,0,0,0,0,0,0,0,0,0,0,0
448,0.333987329620868,-0.0202344101853669,0.3,5,1,1,1.73720392165706,"F",0.333987329620868,-0.0202344101853669,0,0,0,0,0,0,0,0,0,0,0,0,0,0,0,0,0,0,0,0,0,0,0,0,0,0,0,0,0,0,0,0,0,0,0,0,0,0
449,0.360597450751811,0.0105823720805347,0.3,5,1,1,1.03668006742373,"A",0.360597450751811,0.0105823720805347,0,0,0,0,0,0,0,0,0,0,0,0,0,0,0,0,0,0,0,0,0,0,0,0,0,0,0,0,0,0,0,0,0,0,0,0,0,0
450,0.190022927708924,0.605060488451272,0.3,5,1,1,0.772905747871846,"H",0.190022927708924,0.605060488451272,0,0,0,0,0,0,0,0,0,0,0,0,0,0,0,0,0,0,0,0,0,0,0,0,0,0,0,0,0,0,0,0,0,0,0,0,0,0
451,-0.783613615203649,0.0977492067031562,0.3,5,1,1,0.465056364424527,"D",-0.783613615203649,0.0977492067031562,0,0,0,0,0,0,0,0,0,0,0,0,0,0,0,0,0,0,0,0,0,0,0,0,0,0,0,0,0,0,0,0,0,0,0,0,0,0
452,-0.597960041835904,0.830227913334966,0.3,5,1,1,1.01709051989019,"G",-0.597960041835904,0.830227913334966,0,0,0,0,0,0,0,0,0,0,0,0,0,0,0,0,0,0,0,0,0,0,0,0,0,0,0,0,0,0,0,0,0,0,0,0,0,0
453,0.833920242264867,-0.722495322115719,0.3,5,1,1,1.3459271392785,"H",0.833920242264867,-0.722495322115719,0,0,0,0,0,0,0,0,0,0,0,0,0,0,0,0,0,0,0,0,0,0,0,0,0,0,0,0,0,0,0,0,0,0,0,0,0,0
454,0.202186755370349,-0.189600087236613,0.3,5,1,1,1.95239902380854,"D",0.202186755370349,-0.189600087236613,0,0,0,0,0,0,0,0,0,0,0,0,0,0,0,0,0,0,0,0,0,0,0,0,0,0,0,0,0,0,0,0,0,0,0,0,0,0
455,0.199711810331792,0.114958881866187,0.3,5,1,1,0.518607376143336,"D",0.199711810331792,0.114958881866187,0,0,0,0,0,0,0,0,0,0,0,0,0,0,0,0,0,0,0,0,0,0,0,0,0,0,0,0,0,0,0,0,0,0,0,0,0,0
456,0.584652526304126,-0.891945619136095,0.3,5,1,1,1.50347144529223,"H",0.584652526304126,-0.891945619136095,0,0,0,0,0,0,0,0,0,0,0,0,0,0,0,0,0,0,0,0,0,0,0,0,0,0,0,0,0,0,0,0,0,0,0,0,0,0
457,0.803408324718475,-0.704901055898517,0.3,5,1,1,1.80748657695949,"H",0.803408324718475,-0.704901055898517,0,0,0,0,0,0,0,0,0,0,0,0,0,0,0,0,0,0,0,0,0,0,0,0,0,0,0,0,0,0,0,0,0,0,0,0,0,0
458,0.948854125570506,-0.716142870485783,0.3,5,1,1,0.822711242362857,"G",0.948854125570506,-0.716142870485783,0,0,0,0,0,0,0,0,0,0,0,0,0,0,0,0,0,0,0,0,0,0,0,0,0,0,0,0,0,0,0,0,0,0,0,0,0,0
459,-0.172620837576687,-0.184580152388662,0.3,5,1,1,1.21258229389787,"I",-0.172620837576687,-0.184580152388662,0,0,0,0,0,0,0,0,0,0,0,0,0,0,0,0,0,0,0,0,0,0,0,0,0,0,0,0,0,0,0,0,0,0,0,0,0,0
460,0.29686739994213,-0.899944973178208,0.3,5,1,1,0.719566707964987,"E",0.29686739994213,-0.899944973178208,0,0,0,0,0,0,0,0,0,0,0,0,0,0,0,0,0,0,0,0,0,0,0,0,0,0,0,0,0,0,0,0,0,0,0,0,0,0
461,0.62995010567829,-0.894315497484058,0.3,5,1,1,1.31166180549189,"I",0.62995010567829,-0.894315497484058,0,0,0,0,0,0,0,0,0,0,0,0,0,0,0,0,0,0,0,0,0,0,0,0,0,0,0,0,0,0,0,0,0,0,0,0,0,0
462,-0.988392317667603,0.922602367587388,0.3,5,1,1,1.55449867481366,"J",-0.988392317667603,0.922602367587388,0,0,0,0,0,0,0,0,0,0,0,0,0,0,0,0,0,0,0,0,0,0,0,0,0,0,0,0,0,0,0,0,0,0,0,0,0,0
463,-0.216939673759043,-0.84938564710319,0.3,5,1,1,1.73642351897433,"D",-0.216939673759043,-0.84938564710319,0,0,0,0,0,0,0,0,0,0,0,0,0,0,0,0,0,0,0,0,0,0,0,0,0,0,0,0,0,0,0,0,0,0,0,0,0,0
464,-0.837555252946913,-0.697510090656579,0.3,5,1,1,0.702687706798315,"B",-0.837555252946913,-0.697510090656579,0,0,0,0,0,0,0,0,0,0,0,0,0,0,0,0,0,0,0,0,0,0,0,0,0,0,0,0,0,0,0,0,0,0,0,0,0,0
465,0.325518722645938,-0.423997457139194,0.3,5,1,1,1.44662996381521,"D",0.325518722645938,-0.423997457139194,0,0,0,0,0,0,0,0,0,0,0,0,0,0,0,0,0,0,0,0,0,0,0,0,0,0,0,0,0,0,0,0,0,0,0,0,0,0
466,0.516943575348705,-0.213992783334106,0.3,5,1,1,1.93487930623814,"I",0.516943575348705,-0.213992783334106,0,0,0,0,0,0,0,0,0,0,0,0,0,0,0,0,0,0,0,0,0,0,0,0,0,0,0,0,0,0,0,0,0,0,0,0,0,0
467,0.392717338632792,0.154065189883113,0.3,5,1,1,0.979928595479578,"A",0.392717338632792,0.154065189883113,0,0,0,0,0,0,0,0,0,0,0,0,0,0,0,0,0,0,0,0,0,0,0,0,0,0,0,0,0,0,0,0,0,0,0,0,0,0
468,0.426438408438116,0.142266396433115,0.3,5,1,1,0.902837242931128,"D",0.426438408438116,0.142266396433115,0,0,0,0,0,0,0,0,0,0,0,0,0,0,0,0,0,0,0,0,0,0,0,0,0,0,0,0,0,0,0,0,0,0,0,0,0,0
469,0.675937934312969,-0.329855562653393,0.3,5,1,1,0.350418647285551,"I",0.675937934312969,-0.329855562653393,0,0,0,0,0,0,0,0,0,0,0,0,0,0,0,0,0,0,0,0,0,0,0,0,0,0,0,0,0,0,0,0,0,0,0,0,0,0
470,-0.302421774249524,0.616618831641972,0.3,5,1,1,0.324519065674394,"E",-0.302421774249524,0.616618831641972,0,0,0,0,0,0,0,0,0,0,0,0,0,0,0,0,0,0,0,0,0,0,0,0,0,0,0,0,0,0,0,0,0,0,0,0,0,0
471,-0.262286028359085,0.908035839907825,0.3,5,1,1,0.123652772977948,"C",-0.262286028359085,0.908035839907825,0,0,0,0,0,0,0,0,0,0,0,0,0,0,0,0,0,0,0,0,0,0,0,0,0,0,0,0,0,0,0,0,0,0,0,0,0,0
472,-0.16708565922454,-0.679674003273249,0.3,5,1,1,1.4274322479032,"F",-0.16708565922454,-0.679674003273249,0,0,0,0,0,0,0,0,0,0,0,0,0,0,0,0,0,0,0,0,0,0,0,0,0,0,0,0,0,0,0,0,0,0,0,0,0,0
473,0.483915509656072,0.0863685980439186,0.3,5,1,1,1.91760837379843,"G",0.483915509656072,0.0863685980439186,0,0,0,0,0,0,0,0,0,0,0,0,0,0,0,0,0,0,0,0,0,0,0,0,0,0,0,0,0,0,0,0,0,0,0,0,0,0
474,-0.398682352621108,-0.539947926998138,0.3,5,1,1,1.60860557388514,"A",-0.398682352621108,-0.539947926998138,0,0,0,0,0,0,0,0,0,0,0,0,0,0,0,0,0,0,0,0,0,0,0,0,0,0,0,0,0,0,0,0,0,0,0,0,0,0
475,-0.517344417516142,0.125150409992784,0.3,5,1,1,0.0503551969304681,"I",-0.517344417516142,0.125150409992784,0,0,0,0,0,0,0,0,0,0,0,0,0,0,0,0,0,0,0,0,0,0,0,0,0,0,0,0,0,0,0,0,0,0,0,0,0,0
476,0.421798603609204,0.347922981251031,0.3,5,1,1,0.472971590235829,"D",0.421798603609204,0.347922981251031,0,0,0,0,0,0,0,0,0,0,0,0,0,0,0,0,0,0,0,0,0,0,0,0,0,0,0,0,0,0,0,0,0,0,0,0,0,0
477,0.702615774702281,-0.523911729920655,0.3,5,1,1,0.242012047674507,"H",0.702615774702281,-0.523911729920655,0,0,0,0,0,0,0,0,0,0,0,0,0,0,0,0,0,0,0,0,0,0,0,0,0,0,0,0,0,0,0,0,0,0,0,0,0,0
478,0.343191866297275,0.888014198280871,0.3,5,1,1,0.285611911676824,"F",0.343191866297275,0.888014198280871,0,0,0,0,0,0,0,0,0,0,0,0,0,0,0,0,0,0,0,0,0,0,0,0,0,0,0,0,0,0,0,0,0,0,0,0,0,0
479,0.339495798572898,0.36593654518947,0.3,5,1,1,0.414795267861336,"F",0.339495798572898,0.36593654518947,0,0,0,0,0,0,0,0,0,0,0,0,0,0,0,0,0,0,0,0,0,0,0,0,0,0,0,0,0,0,0,0,0,0,0,0,0,0
480,-0.169459574855864,-0.421326083131135,0.3,5,1,1,0.0553384581580758,"H",-0.169459574855864,-0.421326083131135,0,0,0,0,0,0,0,0,0,0,0,0,0,0,0,0,0,0,0,0,0,0,0,0,0,0,0,0,0,0,0,0,0,0,0,0,0,0
481,-0.958750109188259,-0.723585534375161,0.3,5,1,1,0.341778496745974,"B",-0.958750109188259,-0.723585534375161,0,0,0,0,0,0,0,0,0,0,0,0,0,0,0,0,0,0,0,0,0,0,0,0,0,0,0,0,0,0,0,0,0,0,0,0,0,0
482,0.960092115681618,-0.113181437365711,0.3,5,1,1,1.62839073454961,"G",0.960092115681618,-0.113181437365711,0,0,0,0,0,0,0,0,0,0,0,0,0,0,0,0,0,0,0,0,0,0,0,0,0,0,0,0,0,0,0,0,0,0,0,0,0,0
483,0.413567763753235,-0.707328479271382,0.3,5,1,1,1.58777182968333,"F",0.413567763753235,-0.707328479271382,0,0,0,0,0,0,0,0,0,0,0,0,0,0,0,0,0,0,0,0,0,0,0,0,0,0,0,0,0,0,0,0,0,0,0,0,0,0
484,0.289636813104153,-0.7875014571473,0.3,5,1,1,0.698184296023101,"D",0.289636813104153,-0.7875014571473,0,0,0,0,0,0,0,0,0,0,0,0,0,0,0,0,0,0,0,0,0,0,0,0,0,0,0,0,0,0,0,0,0,0,0,0,0,0
485,0.855212124064565,-0.219731057528406,0.3,5,1,1,1.62811032449827,"I",0.855212124064565,-0.219731057528406,0,0,0,0,0,0,0,0,0,0,0,0,0,0,0,0,0,0,0,0,0,0,0,0,0,0,0,0,0,0,0,0,0,0,0,0,0,0
486,-0.910467311739922,-0.87381296698004,0.3,5,1,1,1.08080677175894,"F",-0.910467311739922,-0.87381296698004,0,0,0,0,0,0,0,0,0,0,0,0,0,0,0,0,0,0,0,0,0,0,0,0,0,0,0,0,0,0,0,0,0,0,0,0,0,0
487,0.579996186308563,-0.960884705651551,0.3,5,1,1,0.198836359195411,"D",0.579996186308563,-0.960884705651551,0,0,0,0,0,0,0,0,0,0,0,0,0,0,0,0,0,0,0,0,0,0,0,0,0,0,0,0,0,0,0,0,0,0,0,0,0,0
488,0.149940981995314,0.142437516245991,0.3,5,1,1,0.393354220315814,"J",0.149940981995314,0.142437516245991,0,0,0,0,0,0,0,0,0,0,0,0,0,0,0,0,0,0,0,0,0,0,0,0,0,0,0,0,0,0,0,0,0,0,0,0,0,0
489,0.399175188504159,0.164352115243673,0.3,5,1,1,0.886651623528451,"D",0.399175188504159,0.164352115243673,0,0,0,0,0,0,0,0,0,0,0,0,0,0,0,0,0,0,0,0,0,0,0,0,0,0,0,0,0,0,0,0,0,0,0,0,0,0
490,-0.191340410616249,0.464916048105806,0.3,5,1,1,0.140431258827448,"E",-0.191340410616249,0.464916048105806,0,0,0,0,0,0,0,0,0,0,0,0,0,0,0,0,0,0,0,0,0,0,0,0,0,0,0,0,0,0,0,0,0,0,0,0,0,0
491,0.530930553097278,-0.618906003423035,0.3,5,1,1,1.49435922829434,"I",0.530930553097278,-0.618906003423035,0,0,0,0,0,0,0,0,0,0,0,0,0,0,0,0,0,0,0,0,0,0,0,0,0,0,0,0,0,0,0,0,0,0,0,0,0,0
492,-0.327570707071573,0.174541382584721,0.3,5,1,1,0.37569023296237,"C",-0.327570707071573,0.174541382584721,0,0,0,0,0,0,0,0,0,0,0,0,0,0,0,0,0,0,0,0,0,0,0,0,0,0,0,0,0,0,0,0,0,0,0,0,0,0
493,0.685859664808959,-0.452206183690578,0.3,5,1,1,0.808561503887177,"C",0.685859664808959,-0.452206183690578,0,0,0,0,0,0,0,0,0,0,0,0,0,0,0,0,0,0,0,0,0,0,0,0,0,0,0,0,0,0,0,0,0,0,0,0,0,0
494,-0.963308810256422,-0.980609477497637,0.3,5,1,1,1.42797347158194,"A",-0.963308810256422,-0.980609477497637,0,0,0,0,0,0,0,0,0,0,0,0,0,0,0,0,0,0,0,0,0,0,0,0,0,0,0,0,0,0,0,0,0,0,0,0,0,0
495,-0.0182347125373781,-0.965514989104122,0.3,5,1,1,1.82341427868232,"J",-0.0182347125373781,-0.965514989104122,0,0,0,0,0,0,0,0,0,0,0,0,0,0,0,0,0,0,0,0,0,0,0,0,0,0,0,0,0,0,0,0,0,0,0,0,0,0
496,0.428908214438707,0.550754463300109,0.3,5,1,1,1.17428151099011,"C",0.428908214438707,0.550754463300109,0,0,0,0,0,0,0,0,0,0,0,0,0,0,0,0,0,0,0,0,0,0,0,0,0,0,0,0,0,0,0,0,0,0,0,0,0,0
497,-0.153920857235789,-0.441698980052024,0.3,5,1,1,1.42428621929139,"E",-0.153920857235789,-0.441698980052024,0,0,0,0,0,0,0,0,0,0,0,0,0,0,0,0,0,0,0,0,0,0,0,0,0,0,0,0,0,0,0,0,0,0,0,0,0,0
498,0.434464428573847,-0.784299052786082,0.3,5,1,1,1.95730665279552,"E",0.434464428573847,-0.784299052786082,0,0,0,0,0,0,0,0,0,0,0,0,0,0,0,0,0,0,0,0,0,0,0,0,0,0,0,0,0,0,0,0,0,0,0,0,0,0
499,0.595077050849795,0.803319259546697,0.3,5,1,1,0.879843732807785,"J",0.595077050849795,0.803319259546697,0,0,0,0,0,0,0,0,0,0,0,0,0,0,0,0,0,0,0,0,0,0,0,0,0,0,0,0,0,0,0,0,0,0,0,0,0,0
500,0.376106844749302,0.431454118806869,0.3,5,1,1,1.13382877549157,"E",0.376106844749302,0.431454118806869,0,0,0,0,0,0,0,0,0,0,0,0,0,0,0,0,0,0,0,0,0,0,0,0,0,0,0,0,0,0,0,0,0,0,0,0,0,0
